id,year,day,month,location,comments,date,OSGridRef,latitude,longitude,Nation
1,1100,2,Aug,Winchester,,2-8-1100,SU4779329466,51.062549,-1.3193687,England
2,1100,3,Aug,Winchester,,3-8-1100,SU4779329466,51.062549,-1.3193687,England
3,1100,4,Aug,London,,4-8-1100,TQ3248081340,51.515457,-0.092140265,England
4,1100,5,Aug,Westminster,(coronation),5-8-1100,TQ3016079670,51.500988,-0.12617168,England
5,1100,14,Sept,Westminster,,14-9-1100,TQ3016079670,51.500988,-0.12617168,England
6,1100,29,Sept,Salisbury,,29-9-1100,SU1428229527,51.064904,-1.7975682,England
7,1100,,c Oct,Marlborough,,1100,SU1887169033,51.42,-1.73,England
9,1100,11,Nov,Westminster,(marriage),11-11-1100,TQ3016079670,51.500988,-0.12617168,England
10,1100,2,Dec,Newnham-on-Severn,,2-12-1100,SO6906811691,51.803,-2.45,England
11,1100,25,Dec,Westminster,,25-12-1100,TQ3016079670,51.500988,-0.12617168,England
12,1101,10,Mar,Dover,,10-3-1101,TR3161341898,51.1295,1.3089,England
13,1101,12,Mar,Rochester,,12-3-1101,TQ7414268559,51.389355,0.50145239,England
14,1101,21,Apr,Winchester,,21-4-1101,SU4779329466,51.062549,-1.3193687,England
15,1101,9,June,St Albans,,9-6-1101,TL1480007300,51.752638,-0.33830962,England
16,1101,24,June,Pevensey,,24-6-1101,TQ6480304912,50.8203,0.3383,England
17,1101,31,July,Winchester,,31-7-1101,SU4779329466,51.062549,-1.3193687,England
18,1101,3,Sept,Windsor,,3-9-1101,SU9683776912,51.482886,-0.60683638,England
19,1101,,c Oct,Winchester,,1101,SU4779329466,51.062549,-1.3193687,England
20,1101,25,Dec,Westminster,,25-12-1101,TQ3016079670,51.500988,-0.12617168,England
21,1102,8,Feb,Westbury,,8-2-1102,ST8676951222,51.26,-2.191,England
22,1102,6,Apr,Winchester,,6-4-1102,SU4779329466,51.062549,-1.3193687,England
23,1102,25,May,Westminster,,25-5-1102,TQ3016079670,51.500988,-0.12617168,England
24,1102,,c June,Arundel,,1102,TQ0188707093,50.85439,-0.5539,England
25,1102,,c July,Bridgenorth,,1102,SO7164293098,52.535,-2.4195,England
26,1102,,c July-Aug,Blyth (Notts),,1102,SK6251187104,53.3771,-1.0618,England
27,1102,,c July-Aug,Tickhill,,1102,SK5900092999,53.43049,-1.11348,England
28,1102,29,Sept,Westminster,,29-9-1102,TQ3016079670,51.500988,-0.12617168,England
29,1102,25,Dec,Westminster,,25-12-1102,TQ3016079670,51.500988,-0.12617168,England
30,1103,13,Jan,Salisbury,,13-1-1103,SU1428229527,51.064904,-1.7975682,England
31,1103,c 8 Mar,,Canterbury,,c 8 Mar--1103,TR1454057430,51.275608,1.0745524,England
32,1103,29,Mar,Winchester,,29-3-1103,SU4779329466,51.062549,-1.3193687,England
33,1103,17,May,Windsor,,17-5-1103,SU9683776912,51.482886,-0.60683638,England
34,1103,24,May,Windsor,,24-5-1103,SU9683776912,51.482886,-0.60683638,England
35,1103,25,Dec,Westminster,,25-12-1103,TQ3016079670,51.500988,-0.12617168,England
36,1104,17,Apr,Winchester,,17-4-1104,SU4779329466,51.062549,-1.3193687,England
37,1104,5,June,Westminster,,5-6-1104,TQ3016079670,51.500988,-0.12617168,England
38,1104,4 Aug-c Dec,,Normandy,,4 Aug-c Dec--1104,,48.88,0.17,France
39,1104,25,Dec,Windsor,,25-12-1104,SU9683776912,51.482886,-0.60683638,England
40,1105,13,Feb,Romsey,,13-2-1105,SU3542921187,50.989,-1.4966,England
41,1105,2,Apr,Barfleur,,2-4-1105,,49.6711,-1.2633,France
42,1105,3,Apr,Barfleur,,3-4-1105,,49.6711,-1.2633,France
43,1105,4,Apr,Barfleur,,4-4-1105,,49.6711,-1.2633,France
44,1105,5,Apr,Barfleur,,5-4-1105,,49.6711,-1.2633,France
45,1105,6,Apr,Barfleur,,6-4-1105,,49.6711,-1.2633,France
46,1105,7,Apr,Barfleur,,7-4-1105,,49.6711,-1.2633,France
47,1105,8,Apr,Barfleur,,8-4-1105,,49.6711,-1.2633,France
48,1105,8,Apr,Carentan,,8-4-1105,,49.3,-1.25,France
49,1105,9,Apr,Carentan,,9-4-1105,,49.3,-1.25,France
50,1105,13,Apr,Bayeux,,13-4-1105,,49.2794,-0.7028,France
51,1105,13,Apr,Caen,,13-4-1105,,49.18,-0.37,France
52,1105,13,Apr,Falaise,,13-4-1105,,48.897222,-0.1975,France
53,1105,28,May,Cintheaux,,28-5-1105,,49.0561,-0.2908,France
54,1105,29,May,Cintheaux,,29-5-1105,,49.0561,-0.2908,France
55,1105,30,May,Cintheaux,,30-5-1105,,49.0561,-0.2908,France
56,1105,31,May,Cintheaux,,31-5-1105,,49.0561,-0.2908,France
57,1105,1,June,Cintheaux,,1-6-1105,,49.0561,-0.2908,France
58,1105,2,June,Cintheaux,,2-6-1105,,49.0561,-0.2908,France
59,1105,3,June,Cintheaux,,3-6-1105,,49.0561,-0.2908,France
60,1105,22,July,Laigle,,22-7-1105,,48.77,0.63,France
62,1105,29,Aug,St Albans,,29-8-1105,TL1480007300,51.752638,-0.33830962,England
63,1105,,c Oct,Pontefract,,1105,SE4566021995,53.692413,-1.3100074,England
65,1105,25,Dec,Westminster,,25-12-1105,TQ3016079670,51.500988,-0.12617168,England
66,1106,1,Feb,Northampton,,1-2-1106,SP7549060562,52.238083,-0.89592755,England
67,1106,2,Feb,Northampton,,2-2-1106,SP7549060562,52.238083,-0.89592755,England
68,1106,3,Feb,Northampton,,3-2-1106,SP7549060562,52.238083,-0.89592755,England
69,1106,4,Feb,Northampton,,4-2-1106,SP7549060562,52.238083,-0.89592755,England
70,1106,5,Feb,Northampton,,5-2-1106,SP7549060562,52.238083,-0.89592755,England
71,1106,6,Feb,Northampton,,6-2-1106,SP7549060562,52.238083,-0.89592755,England
72,1106,7,Feb,Northampton,,7-2-1106,SP7549060562,52.238083,-0.89592755,England
73,1106,25,Mar,Bath,,25-3-1106,ST7509364923,51.382803,-2.3592852,England
74,1106,23,Apr,Tonbridge,,23-4-1106,TQ 59143 46849,51.1987,0.2764,England
75,1106,13,May,Salisbury,,13-5-1106,SU1428229527,51.064904,-1.7975682,England
76,1106,1,Aug,Normandy,"Appears as ""a 1 Aug""",1-8-1106,,48.88,0.17,France
77,1106,15,Aug,Bec,,15-8-1106,,49.2288,0.722,France
78,1106,,Aug�Sept,Saint-Pierre-sur-Dives,,1106,,49.02,-0.03,France
79,1106,28,Sept,Tinchebrai,,28-9-1106,SU1428229527,51.064903,-1.7975624,England
80,1106,,Oct,Falaise,,1106,,48.897222,-0.1975,France
81,1106,,Oct,Rouen,,1106,,49.442778,1.088611,France
82,1106,c 15 Oct,,Lisieux,,c 15 Oct 1106,,49.15,0.23,France
83,1106,7,Nov,Rouen,,7-11-1106,,49.442778,1.088611,France
84,1106,30,Nov,Rouen,,30-11-1106,,49.442778,1.088611,France
85,1107,,Jan,Falaise,,1-1107,,48.897222,-0.1975,France
86,1107,,Mar,Lisieux,,3-1107,,49.15,0.23,France
88,1107,14,Apr,Windsor,,14-4-1107,SU9683776912,51.482886,-0.60683638,England
89,1107,2,June,Westminster,,2-6-1107,TQ3016079670,51.500988,-0.12617168,England
90,1107,1,Aug,London,,1-8-1107,TQ3248081340,51.515457,-0.092140265,England
91,1107,25,Dec,Westminster,,25-12-1107,TQ3016079670,51.500988,-0.12617168,England
92,1108,5,Apr,Winchester,,5-4-1108,SU4779329466,51.062549,-1.3193687,England
93,1108,24,May,London,,24-5-1108,TQ3248081340,51.515457,-0.092140265,England
94,1108,,July,Portsmouth,near Portsmouth (crossing to France),7-1108,SU6441401094,50.805833,-1.087222,England
95,1108,25,Dec,Normandy,,25-12-1108,,48.88,0.17,France
96,1109,,Mar,Gisors,,3-1109,,49.2811,1.7772,France
97,1109,,Mar,Neautfles,,3-1109,,49.2781,1.7239,France
98,1109,25,Apr,Normandy,,25-4-1109,,48.88,0.17,France
100,1109,13,June,Westminster,,13-6-1109,TQ3016079670,51.500988,-0.12617168,England
101,1109,17,Oct,Nottingham,,17-10-1109,SK5700040000,52.954357,-1.1530111,England
102,1109,25,Dec,Westminster,,25-12-1109,TQ3016079670,51.500988,-0.12617168,England
103,1110,10,Apr,Marlborough,,10-4-1110,SU1887169033,51.42,-1.73,England
104,1110,17,May,Dover,,17-5-1110,TR3161341898,51.1295,1.3089,England
105,1110,29,May,New Windsor,,29-5-1110,SU9666076488,51.4791,-0.6095,England
106,1110,5,July,Stamford,,5-7-1110,TF0282607016,52.651142,-0.48146188,England
110,1111,8,Aug,Bishop's Waltham,,8-8-1111,SU5546017425,50.9536,-1.2118,England
112,1111,13,Aug,Portsmouth,,13-8-1111,SU6441401094,50.805833,-1.087222,England
113,1112,4,Nov,Bonneville-sur-Touques,,4-11-1112,,49.3389,0.1206,France
114,1113,2,Feb,Saint-Evroult-en-Ouche,,2-2-1113,,48.790556,0.463889,France
115,1113,3,Feb,Saint-Evroult-en-Ouche,,3-2-1113,,48.790556,0.463889,France
123,1113,1,May,Bell�me,,1-5-1113,,48.3772,0.5614,France
124,1113,2,May,Bell�me,,2-5-1113,,48.3772,0.5614,France
125,1113,3,May,Bell�me,,3-5-1113,,48.3772,0.5614,France
126,1113,25,May,Normandy,,25-5-1113,,48.88,0.17,France
128,1113,25,Dec,Windsor,,25-12-1113,SU9683776912,51.482886,-0.60683638,England
130,1114,26,Apr,Windsor,(Council),26-4-1114,SU9683776912,51.482886,-0.60683638,England
132,1114,15,Aug,Winchester,,15-8-1114,SU4779329466,51.062549,-1.3193687,England
133,1114,13,Sept,Westbourne,,13-9-1114,SZ0729791046,50.719,-1.898,England
134,1114,15,Sept,Westbourne,,15-9-1114,SZ0729791046,50.719,-1.898,England
135,1114,21,Sept,Rowner,,21-9-1114,SU5813802819,50.822,-1.176,England
136,1114,21,Sept,Portsmouth,Portsmouth (crossing to Normandy),21-9-1114,SU6441401094,50.805833,-1.087222,England
137,1114,25,Dec,Normandy,,25-12-1114,,48.88,0.17,France
139,1115,16,Sept,Westminster,,16-9-1115,TQ3016079670,51.500988,-0.12617168,England
140,1115,17,Sept,Westminster,,17-9-1115,TQ3016079670,51.500988,-0.12617168,England
141,1115,18,Sept,Westminster,,18-9-1115,TQ3016079670,51.500988,-0.12617168,England
142,1115,19,Sept,Westminster,,19-9-1115,TQ3016079670,51.500988,-0.12617168,England
143,1115,25,Nov,St Albans,Appears as 25-8 Dec,25-11-1115,TL1480007300,51.752638,-0.33830962,England
144,1115,26,Nov,St Albans,Appears as 25-8 Dec,26-11-1115,TL1480007300,51.752638,-0.33830962,England
145,1115,27,Nov,St Albans,Appears as 25-8 Dec,27-11-1115,TL1480007300,51.752638,-0.33830962,England
146,1115,28,Nov,St Albans,Appears as 25-8 Dec,28-11-1115,TL1480007300,51.752638,-0.33830962,England
147,1115,29,Nov,St Albans,Appears as 25-8 Dec,29-11-1115,TL1480007300,51.752638,-0.33830962,England
148,1115,30,Nov,St Albans,Appears as 25-8 Dec,30-11-1115,TL1480007300,51.752638,-0.33830962,England
149,1115,1,Dec,St Albans,Appears as 25-8 Dec,1-12-1115,TL1480007300,51.752638,-0.33830962,England
150,1115,2,Dec,St Albans,Appears as 25-8 Dec,2-12-1115,TL1480007300,51.752638,-0.33830962,England
151,1115,3,Dec,St Albans,Appears as 25-8 Dec,3-12-1115,TL1480007300,51.752638,-0.33830962,England
152,1115,4,Dec,St Albans,Appears as 25-8 Dec,4-12-1115,TL1480007300,51.752638,-0.33830962,England
153,1115,5,Dec,St Albans,Appears as 25-8 Dec,5-12-1115,TL1480007300,51.752638,-0.33830962,England
154,1115,6,Dec,St Albans,Appears as 25-8 Dec,6-12-1115,TL1480007300,51.752638,-0.33830962,England
155,1115,7,Dec,St Albans,Appears as 25-8 Dec,7-12-1115,TL1480007300,51.752638,-0.33830962,England
156,1115,8,Dec,St Albans,Appears as 25-8 Dec,8-12-1115,TL1480007300,51.752638,-0.33830962,England
157,1116,2,Feb,Windsor,,2-2-1116,SU9683776912,51.482886,-0.60683638,England
158,1116,19,Mar,Salisbury,,19-3-1116,SU1428229527,51.064904,-1.7975682,England
159,1116,2,Apr,Odiham,,2-4-1116,SU7410151081,51.25409,-0.93957,England
161,1116,8,Sept,Rouen,,8-9-1116,,49.442778,1.088611,France
162,1117,,June-July,Rouen,,1117,,49.442778,1.088611,France
163,1118,,Feb,Saint-Clair-sur-Epte,,2-1118,,49.2081,1.6803,France
164,1118,,July-Avg,Saint-Clair-sur-Epte,,1118,,49.2081,1.6803,France
165,1118,23,July,Alen�on,,23-7-1118,,48.4306,0.0931,France
166,1118,24,July,Alen�on,,24-7-1118,,48.4306,0.0931,France
167,1118,25,July,Alen�on,,25-7-1118,,48.4306,0.0931,France
168,1118,26,July,Alen�on,,26-7-1118,,48.4306,0.0931,France
169,1118,27,July,Alen�on,,27-7-1118,,48.4306,0.0931,France
170,1118,28,July,Alen�on,,28-7-1118,,48.4306,0.0931,France
171,1118,29,July,Alen�on,,29-7-1118,,48.4306,0.0931,France
172,1118,30,July,Alen�on,,30-7-1118,,48.4306,0.0931,France
173,1118,31,July,Alen�on,,31-7-1118,,48.4306,0.0931,France
174,1118,7,Sept,Laigle,,7-9-1118,,48.77,0.63,France
175,1118,8,Sept,Laigle,,8-9-1118,,48.77,0.63,France
176,1118,,Sept,Livet,,9-1118,,48.1086,-0.4603,France
177,1118,,Sept,Rouen,,9-1118,,49.442778,1.088611,France
178,1118,,Sept,Neubourg,,9-1118,,49.149,0.904,France
179,1118,,Sept,Arques,,9-1118,,49.8817,1.1269,France
180,1118,,Sept,Bures,,9-1118,,48.5639,0.4022,France
181,1118,7,Oct,Rouen,,7-10-1118,,49.442778,1.088611,France
182,1118,,Oct-Nov,Near �vreux,,1118,,49.02,1.15,France
183,1118,,,Laigle,,1118,,48.77,0.63,France
184,1118,,Dec,Near Alen�on,,12-1118,,48.4306,0.0931,France
185,1119,16,Feb,Br�teuil,,16-2-1119,,48.8369,0.9147,France
186,1119,17,Feb,Br�teuil,,17-2-1119,,48.8369,0.9147,France
187,1119,18,Feb,Br�teuil,,18-2-1119,,48.8369,0.9147,France
188,1119,19,Feb,Br�teuil,,19-2-1119,,48.8369,0.9147,France
189,1119,20,Feb,Br�teuil,,20-2-1119,,48.8369,0.9147,France
190,1119,21,Feb,Br�teuil,,21-2-1119,,48.8369,0.9147,France
191,1119,22,Feb,Br�teuil,,22-2-1119,,48.8369,0.9147,France
192,1119,,,Falaise,,1119,,48.897222,-0.1975,France
193,1119,,Feb-Mar,Noyon (Eure),,1119,,49.3717,1.3839,France
194,1119,17,May,La-Fert�-Fresnel,"appears as ""p 17 May""",17-5-1119,,48.8422,0.5117,France
195,1119,,June,Lisieux,,6-1119,,49.15,0.23,France
196,1119,,July,Pont-Saint-Pierre,,7-1119,,49.3361,1.2758,France
197,1119,,July,�vreux,,7-1119,,49.02,1.15,France
198,1119,20,Aug,Noyon,(battle of La-Br�mule),20-8-1119,,49.5817,2.9997,France
199,1119,17,Sept,Br�teuil,,17-9-1119,,48.8369,0.9147,France
200,1119,18,Sept,Br�teuil,,18-9-1119,,48.8369,0.9147,France
201,1119,19,Sept,Br�teuil,,19-9-1119,,48.8369,0.9147,France
202,1119,20,Sept,Br�teuil,,20-9-1119,,48.8369,0.9147,France
203,1119,21,Sept,Br�teuil,,21-9-1119,,48.8369,0.9147,France
204,1119,22,Sept,Br�teuil,,22-9-1119,,48.8369,0.9147,France
205,1119,23,Sept,Br�teuil,,23-9-1119,,48.8369,0.9147,France
206,1119,24,Sept,Br�teuil,,24-9-1119,,48.8369,0.9147,France
207,1119,,,Glos-la-Ferri�re,,1119,,48.8578,0.6019,France
208,1119,,,Lyre,,1119,,48.9186,0.7508,England
209,1119,,,Rouen,,1119,,49.442778,1.088611,France
210,1119,,Oct,�vreux,,10-1119,,49.02,1.15,France
211,1119,,Oct,Vieux-Rouen,,10-1119,,49.8347,1.7211,France
212,1119,20,Nov,Gisors,,20-11-1119,,49.2811,1.7772,France
213,1119,21,Nov,Gisors,,21-11-1119,,49.2811,1.7772,France
214,1119,22,Nov,Gisors,,22-11-1119,,49.2811,1.7772,France
215,1119,23,Nov,Gisors,,23-11-1119,,49.2811,1.7772,France
216,1119,24,Nov,Gisors,,24-11-1119,,49.2811,1.7772,France
217,1119,25,Nov,Gisors,,25-11-1119,,49.2811,1.7772,France
218,1119,26,Nov,Gisors,,26-11-1119,,49.2811,1.7772,France
219,1119,27,Nov,Gisors,,27-11-1119,,49.2811,1.7772,France
220,1119,25,Dec,Bayeux,,25-12-1119,,49.2794,-0.7028,France
221,1120,3,Mar,Arganchy,,3-3-1120,,49.2367,-0.7406,France
222,1120,4,Mar,Arganchy,,4-3-1120,,49.2367,-0.7406,France
223,1120,5,Mar,Arganchy,,5-3-1120,,49.2367,-0.7406,France
224,1120,6,Mar,Arganchy,,6-3-1120,,49.2367,-0.7406,France
225,1120,7,Mar,Arganchy,,7-3-1120,,49.2367,-0.7406,France
226,1120,8,Mar,Arganchy,,8-3-1120,,49.2367,-0.7406,France
227,1120,9,Mar,Arganchy,,9-3-1120,,49.2367,-0.7406,France
228,1120,10,Mar,Arganchy,,10-3-1120,,49.2367,-0.7406,France
229,1120,11,Mar,Arganchy,,11-3-1120,,49.2367,-0.7406,France
230,1120,12,Mar,Arganchy,,12-3-1120,,49.2367,-0.7406,France
231,1120,13,Mar,Arganchy,,13-3-1120,,49.2367,-0.7406,France
232,1120,14,Mar,Arganchy,,14-3-1120,,49.2367,-0.7406,France
233,1120,15,Mar,Arganchy,,15-3-1120,,49.2367,-0.7406,France
234,1120,16,Mar,Arganchy,,16-3-1120,,49.2367,-0.7406,France
235,1120,17,Mar,Arganchy,,17-3-1120,,49.2367,-0.7406,France
236,1120,18,Mar,Arganchy,,18-3-1120,,49.2367,-0.7406,France
237,1120,19,Mar,Arganchy,,19-3-1120,,49.2367,-0.7406,France
238,1120,20,Mar,Arganchy,,20-3-1120,,49.2367,-0.7406,France
239,1120,21,Mar,Arganchy,,21-3-1120,,49.2367,-0.7406,France
240,1120,22,Mar,Arganchy,,22-3-1120,,49.2367,-0.7406,France
241,1120,23,Mar,Arganchy,,23-3-1120,,49.2367,-0.7406,France
242,1120,24,Mar,Arganchy,,24-3-1120,,49.2367,-0.7406,France
243,1120,25,Mar,Arganchy,,25-3-1120,,49.2367,-0.7406,France
244,1120,26,Mar,Arganchy,,26-3-1120,,49.2367,-0.7406,France
245,1120,27,Mar,Arganchy,,27-3-1120,,49.2367,-0.7406,France
246,1120,28,Mar,Arganchy,,28-3-1120,,49.2367,-0.7406,France
247,1120,29,Mar,Arganchy,,29-3-1120,,49.2367,-0.7406,France
248,1120,30,Mar,Arganchy,,30-3-1120,,49.2367,-0.7406,France
249,1120,31,Mar,Arganchy,,31-3-1120,,49.2367,-0.7406,France
250,1120,1,Apr,Arganchy,,1-4-1120,,49.2367,-0.7406,France
251,1120,2,Apr,Arganchy,,2-4-1120,,49.2367,-0.7406,France
252,1120,3,Apr,Arganchy,,3-4-1120,,49.2367,-0.7406,France
253,1120,4,Apr,Arganchy,,4-4-1120,,49.2367,-0.7406,France
254,1120,5,Apr,Arganchy,,5-4-1120,,49.2367,-0.7406,France
255,1120,6,Apr,Arganchy,,6-4-1120,,49.2367,-0.7406,France
256,1120,7,Apr,Arganchy,,7-4-1120,,49.2367,-0.7406,France
257,1120,8,Apr,Arganchy,,8-4-1120,,49.2367,-0.7406,France
258,1120,9,Apr,Arganchy,,9-4-1120,,49.2367,-0.7406,France
259,1120,10,Apr,Arganchy,,10-4-1120,,49.2367,-0.7406,France
260,1120,11,Apr,Arganchy,,11-4-1120,,49.2367,-0.7406,France
261,1120,12,Apr,Arganchy,,12-4-1120,,49.2367,-0.7406,France
262,1120,13,Apr,Arganchy,,13-4-1120,,49.2367,-0.7406,France
263,1120,14,Apr,Arganchy,,14-4-1120,,49.2367,-0.7406,France
264,1120,15,Apr,Arganchy,,15-4-1120,,49.2367,-0.7406,France
265,1120,16,Apr,Arganchy,,16-4-1120,,49.2367,-0.7406,France
266,1120,17,Apr,Arganchy,,17-4-1120,,49.2367,-0.7406,France
267,1120,30,May,Vernon,"Appears as ""Vernon (?)""",30-5-1120,,49.09,1.49,France
268,1120,,Oct,Gisors,,10-1120,,49.2811,1.7772,France
269,1120,21,Nov,Barfleur,,21-11-1120,,49.6711,-1.2633,France
270,1120,25,Nov,Barfleur,(crossing to England The White Ship),25-11-1120,,49.6711,-1.2633,France
271,1120,25,Dec,Brampton,,25-12-1120,TL2134570670,52.32073,-0.22107536,England
272,1121,6,Jan,London,,6-1-1121,TQ3248081340,51.515457,-0.092140265,England
273,1121,7,Jan,Westminster,,7-1-1121,TQ3016079670,51.500988,-0.12617168,England
274,1121,29,Jan,Windsor,,29-1-1121,SU9683776912,51.482886,-0.60683638,England
275,1121,30,Jan,Windsor,,30-1-1121,SU9683776912,51.482886,-0.60683638,England
276,1121,,Feb,Winchester,,2-1121,SU4779329466,51.062549,-1.3193687,England
277,1121,13,Mar,Abingdon,,13-3-1121,SU4968596712,51.667,-1.283,England
278,1121,10,Apr,Berkeley,,10-4-1121,ST6836999238,51.691,-2.459,England
279,1121,,Apr-May,Winchester,,1121,SU4779329466,51.062549,-1.3193687,England
280,1121,29,May,Westminster,,29-5-1121,TQ3016079670,51.500988,-0.12617168,England
282,1121,25,Dec,Norwich,,25-12-1121,TG2322108686,52.63,1.297,England
283,1122,26,Mar,Northampton,,26-3-1122,SP7549060562,52.238083,-0.89592755,England
284,1122,14,May,Windsor,,14-5-1122,SU9683776912,51.482886,-0.60683638,England
285,1122,15,May,Windsor,,15-5-1122,SU9683776912,51.482886,-0.60683638,England
286,1122,16,May,Westminster,,16-5-1122,TQ3016079670,51.500988,-0.12617168,England
287,1122,17,May,Westminster,,17-5-1122,TQ3016079670,51.500988,-0.12617168,England
288,1122,18,May,Westminster,,18-5-1122,TQ3016079670,51.500988,-0.12617168,England
289,1122,19,May,Westminster,,19-5-1122,TQ3016079670,51.500988,-0.12617168,England
290,1122,20,May,Westminster,,20-5-1122,TQ3016079670,51.500988,-0.12617168,England
291,1122,21,May,Kent,"Appears as ""Into Kent""",21-5-1122,TQ8872947996,51.2,0.7,England
292,1122,,Oct,York,,10-1122,SE6030051700,53.957883,-1.0825156,England
293,1122,,Oct,Durham,,10-1122,NZ2736642283,54.774722,-1.576111,England
294,1122,25,Dec,Dunstable,,25-12-1122,TL0188821864,51.88603,-0.52102,England
295,1123,1,Jan,Berkhamstead,,1-1-1123,SP9937607724,51.759399,-0.56154726,England
296,1123,10,Jan,Woodstock,,10-1-1123,SP4400016000,51.840878,-1.362755,England
297,1123,2,Feb,Gloucester,,2-2-1123,SO8320018600,51.865722,-2.2453868,England
298,1123,3,Feb,Gloucester,,3-2-1123,SO8320018600,51.865722,-2.2453868,England
299,1123,4,Feb,Gloucester,,4-2-1123,SO8320018600,51.865722,-2.2453868,England
300,1123,25,Mar,Woodstock,,25-3-1123,SP4400016000,51.840878,-1.362755,England
301,1123,15,Apr,Winchester,,15-4-1123,SU4779329466,51.062549,-1.3193687,England
302,1123,3,June,Portsmouth,,3-6-1123,SU6441401094,50.805833,-1.087222,England
303,1123,4,June,Portsmouth,,4-6-1123,SU6441401094,50.805833,-1.087222,England
304,1123,5,June,Portsmouth,,5-6-1123,SU6441401094,50.805833,-1.087222,England
305,1123,6,June,Portsmouth,,6-6-1123,SU6441401094,50.805833,-1.087222,England
306,1123,7,June,Portsmouth,,7-6-1123,SU6441401094,50.805833,-1.087222,England
307,1123,8,June,Portsmouth,,8-6-1123,SU6441401094,50.805833,-1.087222,England
308,1123,9,June,Portsmouth,,9-6-1123,SU6441401094,50.805833,-1.087222,England
309,1123,10,June,Portsmouth,,10-6-1123,SU6441401094,50.805833,-1.087222,England
311,1123,,Oct,Rouen,,10-1123,,49.442778,1.088611,France
312,1123,,Oct-Nov,Pont-Audemer,,Oct-Nov-1123,,49.36,0.51,France
313,1124,25,Mar,Caen,,25-3-1124,,49.18,-0.37,France
314,1124,6,Apr,Rouen,"Appears as ""p 6 Apr""",6-4-1124,,49.442778,1.088611,France
315,1124,15,Apr,Bec,,15-4-1124,,49.2288,0.722,France
316,1124,16,Apr,Bec,,16-4-1124,,49.2288,0.722,France
317,1124,,Apr,Brionne,,4-1124,,49.1956,0.7211,France
318,1124,18,May,Rouen,,18-5-1124,,49.442778,1.088611,France
319,1125,,,Normandy,,12-1125,,48.88,0.17,France
320,1126,23,Mar,S�es,,23-3-1126,,48.6053,0.1719,France
321,1126,,Mar,Rouen,,-1129,,49.442778,1.088611,France
322,1126,11,Sept,Dieppe,(return to England),11-9-1126,,49.92,1.08,France
323,1126,25,Dec,Windsor,,25-12-1126,SU9683776912,51.482886,-0.60683638,England
324,1126,30,Dec,London,,30-12-1126,TQ3248081340,51.515457,-0.092140265,England
325,1127,,Jan,Winchester,,1-1127,SU4779329466,51.062549,-1.3193687,England
326,1127,16,Feb,Woodstock,,16-2-1127,SP4400016000,51.840878,-1.362755,England
327,1127,17,Feb,Woodstock,,17-2-1127,SP4400016000,51.840878,-1.362755,England
328,1127,18,Feb,Woodstock,,18-2-1127,SP4400016000,51.840878,-1.362755,England
329,1127,19,Feb,Woodstock,,19-2-1127,SP4400016000,51.840878,-1.362755,England
330,1127,20,Feb,Woodstock,,20-2-1127,SP4400016000,51.840878,-1.362755,England
331,1127,21,Feb,Woodstock,,21-2-1127,SP4400016000,51.840878,-1.362755,England
332,1127,22,Feb,Woodstock,,22-2-1127,SP4400016000,51.840878,-1.362755,England
333,1127,23,Feb,Woodstock,,23-2-1127,SP4400016000,51.840878,-1.362755,England
334,1127,24,Feb,Woodstock,,24-2-1127,SP4400016000,51.840878,-1.362755,England
335,1127,25,Feb,Woodstock,,25-2-1127,SP4400016000,51.840878,-1.362755,England
336,1127,26,Feb,Woodstock,,26-2-1127,SP4400016000,51.840878,-1.362755,England
337,1127,27,Feb,Woodstock,,27-2-1127,SP4400016000,51.840878,-1.362755,England
338,1127,28,Feb,Woodstock,,28-2-1127,SP4400016000,51.840878,-1.362755,England
339,1127,1,Mar,Woodstock,,1-3-1127,SP4400016000,51.840878,-1.362755,England
340,1127,2,Mar,Woodstock,,2-3-1127,SP4400016000,51.840878,-1.362755,England
341,1127,3,Mar,Woodstock,,3-3-1127,SP4400016000,51.840878,-1.362755,England
342,1127,4,Mar,Woodstock,,4-3-1127,SP4400016000,51.840878,-1.362755,England
343,1127,5,Mar,Woodstock,,5-3-1127,SP4400016000,51.840878,-1.362755,England
344,1127,6,Mar,Woodstock,,6-3-1127,SP4400016000,51.840878,-1.362755,England
345,1127,7,Mar,Woodstock,,7-3-1127,SP4400016000,51.840878,-1.362755,England
346,1127,8,Mar,Woodstock,,8-3-1127,SP4400016000,51.840878,-1.362755,England
347,1127,9,Mar,Woodstock,,9-3-1127,SP4400016000,51.840878,-1.362755,England
348,1127,10,Mar,Woodstock,,10-3-1127,SP4400016000,51.840878,-1.362755,England
349,1127,11,Mar,Woodstock,,11-3-1127,SP4400016000,51.840878,-1.362755,England
350,1127,12,Mar,Woodstock,,12-3-1127,SP4400016000,51.840878,-1.362755,England
351,1127,13,Mar,Woodstock,,13-3-1127,SP4400016000,51.840878,-1.362755,England
352,1127,14,Mar,Woodstock,,14-3-1127,SP4400016000,51.840878,-1.362755,England
353,1127,15,Mar,Woodstock,,15-3-1127,SP4400016000,51.840878,-1.362755,England
354,1127,16,Mar,Woodstock,,16-3-1127,SP4400016000,51.840878,-1.362755,England
355,1127,17,Mar,Woodstock,,17-3-1127,SP4400016000,51.840878,-1.362755,England
356,1127,18,Mar,Woodstock,,18-3-1127,SP4400016000,51.840878,-1.362755,England
357,1127,19,Mar,Woodstock,,19-3-1127,SP4400016000,51.840878,-1.362755,England
358,1127,20,Mar,Woodstock,,20-3-1127,SP4400016000,51.840878,-1.362755,England
359,1127,21,Mar,Woodstock,,21-3-1127,SP4400016000,51.840878,-1.362755,England
360,1127,22,Mar,Woodstock,,22-3-1127,SP4400016000,51.840878,-1.362755,England
361,1127,23,Mar,Woodstock,,23-3-1127,SP4400016000,51.840878,-1.362755,England
362,1127,24,Mar,Woodstock,,24-3-1127,SP4400016000,51.840878,-1.362755,England
363,1127,25,Mar,Woodstock,,25-3-1127,SP4400016000,51.840878,-1.362755,England
364,1127,26,Mar,Woodstock,,26-3-1127,SP4400016000,51.840878,-1.362755,England
365,1127,27,Mar,Woodstock,,27-3-1127,SP4400016000,51.840878,-1.362755,England
366,1127,28,Mar,Woodstock,,28-3-1127,SP4400016000,51.840878,-1.362755,England
367,1127,29,Mar,Woodstock,,29-3-1127,SP4400016000,51.840878,-1.362755,England
368,1127,30,Mar,Woodstock,,30-3-1127,SP4400016000,51.840878,-1.362755,England
369,1127,1,Apr,Woodstock,,1-4-1127,SP4400016000,51.840878,-1.362755,England
370,1127,2,Apr,Woodstock,,2-4-1127,SP4400016000,51.840878,-1.362755,England
371,1127,3,Apr,Woodstock,,3-4-1127,SP4400016000,51.840878,-1.362755,England
372,1127,4,Apr,Woodstock,,4-4-1127,SP4400016000,51.840878,-1.362755,England
373,1127,5,Apr,Woodstock,,5-4-1127,SP4400016000,51.840878,-1.362755,England
374,1127,6,Apr,Woodstock,,6-4-1127,SP4400016000,51.840878,-1.362755,England
375,1127,7,Apr,Woodstock,,7-4-1127,SP4400016000,51.840878,-1.362755,England
376,1127,8,Apr,Woodstock,,8-4-1127,SP4400016000,51.840878,-1.362755,England
377,1127,9,Apr,Woodstock,,9-4-1127,SP4400016000,51.840878,-1.362755,England
378,1127,9,May,London,,9-5-1127,TQ3248081340,51.515457,-0.092140265,England
379,1127,10,May,London,,10-5-1127,TQ3248081340,51.515457,-0.092140265,England
380,1127,11,May,London,,11-5-1127,TQ3248081340,51.515457,-0.092140265,England
381,1127,13,May,Westminster,,13-5-1127,TQ3016079670,51.500988,-0.12617168,England
382,1127,14,May,Westminster,,14-5-1127,TQ3016079670,51.500988,-0.12617168,England
383,1127,15,May,Westminster,,15-5-1127,TQ3016079670,51.500988,-0.12617168,England
384,1127,16,May,Westminster,,16-5-1127,TQ3016079670,51.500988,-0.12617168,England
385,1127,22,May,Winchester,,22-5-1127,SU4779329466,51.062549,-1.3193687,England
386,1127,,Aug,Eling,,8-1127,SU5234774954,51.471136,-1.247745,England
387,1127,26,Aug,Portsmouth,(crossing to Normandy),26-8-1127,SU6441401094,50.805833,-1.087222,England
388,1128,,Nov,Rouen,,11-1128,,49.442778,1.088611,France
389,1129,2,June,Falaise,,2-6-1129,,48.897222,-0.1975,France
390,1129,15,July,Portsmouth,(return to England),15-7-1129,SU6441401094,50.805833,-1.087222,England
391,1129,,Oct,Winchester,,10-1129,SU4779329466,51.062549,-1.3193687,England
392,1129,25,Dec,Winchester,,25-12-1129,SU4779329466,51.062549,-1.3193687,England
393,1130,30,Mar,Woodstock,,30-3-1130,SP4400016000,51.840878,-1.362755,England
394,1130,4,May,Canterbury,,4-5-1130,TR1454057430,51.275608,1.0745524,England
395,1130,8,May,Rochester,,8-5-1130,TQ7414268559,51.389355,0.50145239,England
396,1130,18,May,Arundel,,18-5-1130,TQ0188707093,50.85439,-0.5539,England
398,1130,8,Sept,Bec,,8-9-1130,,49.2288,0.722,France
399,1130,11,Sept,Rouen,,11-9-1130,,49.442778,1.088611,France
400,1131,13,Jan,Chartres,,13-1-1131,,48.456,1.484,France
401,1131,5,Feb,Rouen,,5-2-1131,,49.442778,1.088611,France
402,1131,10,May,Rouen,,10-5-1131,,49.442778,1.088611,France
403,1131,,July-Aug,Arques,,1131,,49.8817,1.1269,France
404,1131,1,Aug,Dieppe,"(return to England), Appears as ""p 1 Aug""",1-8-1131,,49.92,1.08,France
405,1131,8,Sept,Northampton,,8-9-1131,SP7549060562,52.238083,-0.89592755,England
406,1131,25,Dec,Dunstable,,25-12-1131,TL0188821864,51.88603,-0.52102,England
407,1132,10,Apr,Woodstock,,10-4-1132,SP4400016000,51.840878,-1.362755,England
408,1132,29,Apr,London,,29-4-1132,TQ3248081340,51.515457,-0.092140265,England
409,1132,25,Dec,Windsor,,25-12-1132,SU9683776912,51.482886,-0.60683638,England
410,1133,8,Feb,London,,8-2-1133,TQ3248081340,51.515457,-0.092140265,England
411,1133,26,Mar,Oxford,,26-3-1133,SP5130006100,51.751253,-1.2582674,England
412,1133,30,Apr,Winchester,,30-4-1133,SU4779329466,51.062549,-1.3193687,England
413,1133,1,May,Winchester,,1-5-1133,SU4779329466,51.062549,-1.3193687,England
414,1133,2,May,Winchester,,2-5-1133,SU4779329466,51.062549,-1.3193687,England
415,1133,3,May,Winchester,,3-5-1133,SU4779329466,51.062549,-1.3193687,England
416,1133,,July,Fareham,,7-1133,SU5782205929,50.85,-1.18,England
417,1133,,July,Westbourne,,7-1133,SZ0729791046,50.719,-1.898,England
419,1134,,Sep,Verneuil,,9-1134,,48.7394,0.9286,France
420,1134,,Aug-Oct,S�es,,Aug-Oct-1134,,48.6053,0.1719,France
421,1134,,,Alen�on,,1134,,48.4306,0.0931,France
422,1134,,,Argentan,,1134,,48.75,-0.02,France
423,1135,25,Nov,Lyons-la-For�t,,25-11-1135,,49.4003,1.4769,France
424,1135,26,Nov,Lyons-la-For�t,,26-11-1135,,49.4003,1.4769,France
425,1135,27,Nov,Lyons-la-For�t,,27-11-1135,,49.4003,1.4769,France
426,1135,28,Nov,Lyons-la-For�t,,28-11-1135,,49.4003,1.4769,France
427,1135,29,Nov,Lyons-la-For�t,,29-11-1135,,49.4003,1.4769,France
428,1135,30,Nov,Lyons-la-For�t,,30-11-1135,,49.4003,1.4769,France
429,1135,1,Dec,Lyons-la-For�t,(Death),1-12-1135,,49.4003,1.4769,France
405,1131,8,Sept,Northampton,,8-9-1131,SP7549060562,52.238083,-0.89592755,England
406,1131,25,Dec,Dunstable,,25-12-1131,TL0188821864,51.88603,-0.52102,England
407,1132,10,Apr,Woodstock,,10-4-1132,SP4400016000,51.840878,-1.362755,England
408,1132,29,Apr,London,,29-4-1132,TQ3248081340,51.515457,-0.092140265,England
409,1132,25,Dec,Windsor,,25-12-1132,SU9683776912,51.482886,-0.60683638,England
410,1133,8,Feb,London,,8-2-1133,TQ3248081340,51.515457,-0.092140265,England
411,1133,26,Mar,Oxford,,26-3-1133,SP5130006100,51.751253,-1.2582674,England
412,1133,30,Apr,Winchester,,30-4-1133,SU4779329466,51.062549,-1.3193687,England
413,1133,1,May,Winchester,,1-5-1133,SU4779329466,51.062549,-1.3193687,England
414,1133,2,May,Winchester,,2-5-1133,SU4779329466,51.062549,-1.3193687,England
415,1133,3,May,Winchester,,3-5-1133,SU4779329466,51.062549,-1.3193687,England
416,1133,,July,Fareham,,7-1133,SU5782205929,50.85,-1.18,England
417,1133,,July,Westbourne,,7-1133,SZ0729791046,50.719,-1.898,England
419,1134,,Sep,Verneuil,,9-1134,,48.7394,0.9286,France
420,1134,,Aug-Oct,S�es,,Aug-Oct-1134,,48.6053,0.1719,France
421,1134,,,Alen�on,,1134,,48.4306,0.0931,France
422,1134,,,Argentan,,1134,,48.75,-0.02,France
423,1135,25,Nov,Lyons-la-For�t,,25-11-1135,,49.4003,1.4769,France
424,1135,26,Nov,Lyons-la-For�t,,26-11-1135,,49.4003,1.4769,France
425,1135,27,Nov,Lyons-la-For�t,,27-11-1135,,49.4003,1.4769,France
426,1135,28,Nov,Lyons-la-For�t,,28-11-1135,,49.4003,1.4769,France
427,1135,29,Nov,Lyons-la-For�t,,29-11-1135,,49.4003,1.4769,France
428,1135,30,Nov,Lyons-la-For�t,,30-11-1135,,49.4003,1.4769,France
429,1135,1,Dec,Lyons-la-For�t,(Death),1-12-1135,,49.4003,1.4769,France
