id,location,date,day,month,year,month(number),time,comment,OSGridRef,latitude,longitude
1,York,7,Monday,april,1483,4,7-4-1483,False news of King Edward IV's death reached York on 6th.  Requiem Mass was sung on 7th,SE6030051700,53.957883,-1.0825156
2,York,8,Tuesday,april,1483,4,8-4-1483,,SE6030051700,53.957883,-1.0825156
3,York,9,Wednesday,april,1483,4,9-4-1483,King Edward died,SE6030051700,53.957883,-1.0825156
4,York,10,Thursday,april,1483,4,10-4-1483,,SE6030051700,53.957883,-1.0825156
5,York,11,Friday,april,1483,4,11-4-1483,,SE6030051700,53.957883,-1.0825156
6,York,12,Saturday,april,1483,4,12-4-1483,,SE6030051700,53.957883,-1.0825156
7,York,13,Sunday,april,1483,4,13-4-1483,,SE6030051700,53.957883,-1.0825156
8,York,14,Monday,april,1483,4,14-4-1483,,SE6030051700,53.957883,-1.0825156
9,York,15,Tuesday,april,1483,4,15-4-1483,,SE6030051700,53.957883,-1.0825156
10,York,16,Wednesday,april,1483,4,16-4-1483,,SE6030051700,53.957883,-1.0825156
11,York,17,Thursday,april,1483,4,17-4-1483,,SE6030051700,53.957883,-1.0825156
12,York,18,Friday,april,1483,4,18-4-1483,,SE6030051700,53.957883,-1.0825156
13,York,19,Saturday,april,1483,4,19-4-1483,,SE6030051700,53.957883,-1.0825156
14,York,20,Sunday,april,1483,4,20-4-1483,,SE6030051700,53.957883,-1.0825156
15,York,21,Monday,april,1483,4,21-4-1483,,SE6030051700,53.957883,-1.0825156
16,York,22,Tuesday,april,1483,4,22-4-1483,,SE6030051700,53.957883,-1.0825156
17,York,23,Wednesday,april,1483,4,23-4-1483,"Indication that Richard was either in York and about to leave, or due to pass through on his way south or had already left",SE6030051700,53.957883,-1.0825156
20,Nottingham,26,Saturday,april,1483,4,26-4-1483,,SK5700040000,52.954357,-1.1530111
23,Northampton,29,Tuesday,april,1483,4,29-4-1483,,SP7549060562,52.238083,-0.89592755
24,Stony Stratford,30,Wednesday,april,1483,4,30-4-1483,Richard met Edward V at Stony Stratford,SP7870040400,52.056404,-0.85359897
26,Northampton,2,Friday,may,1483,5,2-5-1483,,SP7549060562,52.238083,-0.89592755
27,St. Albans,3,Saturday,may,1483,5,3-5-1483,,TL1480007300,51.752638,-0.33830962
28,City of London,4,Sunday,may,1483,5,4-5-1483,City dignitaries welcomed Richard and Edward V,TQ3248081340,51.515457,-0.092140265
33,Palace of the Bishop of London,9,Friday,may,1483,5,9-5-1483,Edward V at Palace of the Bishop of London,TQ2400076100,51.470288,-0.21612416
39,City of London,15,Thursday,may,1483,5,15-5-1483,,TQ3248081340,51.515457,-0.092140265
43,Tower of London,19,Monday,may,1483,5,19-5-1483,Edward V at the Tower of London,TQ3360080600,51.508544,-0.076289153
44,Tower of London,20,Tuesday,may,1483,5,20-5-1483,,TQ3360080600,51.508544,-0.076289153
45,Tower of London,21,Wednesday,may,1483,5,21-5-1483,,TQ3360080600,51.508544,-0.076289153
46,Tower of London,22,Thursday,may,1483,5,22-5-1483,,TQ3360080600,51.508544,-0.076289153
47,Tower of London,23,Friday,may,1483,5,23-5-1483,,TQ3360080600,51.508544,-0.076289153
49,Tower of London,25,Sunday,may,1483,5,25-5-1483,,TQ3360080600,51.508544,-0.076289153
53,Tower of London,29,Thursday,may,1483,5,29-5-1483,,TQ3360080600,51.508544,-0.076289153
55,Tower of London,31,Saturday,may,1483,5,31-5-1483,,TQ3360080600,51.508544,-0.076289153
57,Tower of London,2,Monday,june,1483,6,2-6-1483,,TQ3360080600,51.508544,-0.076289153
61,Tower of London,6,Friday,june,1483,6,6-6-1483,,TQ3360080600,51.508544,-0.076289153
63,Tower of London,8,Sunday,june,1483,6,8-6-1483,,TQ3360080600,51.508544,-0.076289153
64,Tower of London,9,Monday,june,1483,6,9-6-1483,,TQ3360080600,51.508544,-0.076289153
81,City of London,26,Thursday,june,1483,6,26-6-1483,"Reign of Richard III began.  King went to Westminster Hall and took his seat in the King's Bench, then went to St. Paul's",TQ3248081340,51.515457,-0.092140265
82,Westminster,26,Thursday,june,1483,6,26-6-1483,,TQ3016079670,51.500988,-0.12617168
83,St. Paul's,26,Thursday,june,1483,6,26-6-1483,,TQ3205381141,51.513767,-0.098370016
84,Baynard's Castle,27,Friday,june,1483,6,27-6-1483,"City of London, Baynard's Castle.  Great Seal handed to Bishop of Lincoln by King at 3pm in room in the chapel at Baynard's Castle",TQ3184380876,51.51144,-0.10148942
85,Baynard's Castle,28,Saturday,june,1483,6,28-6-1483,City of London. King probably still in Baynard's Castle,TQ3184380876,51.51144,-0.10148942
87,City of London,30,Monday,june,1483,6,30-6-1483,,TQ3248081340,51.515457,-0.092140265
89,Westminster,2,Wednesday,july,1483,7,2-7-1483,,TQ3016079670,51.500988,-0.12617168
93,Westminster,6,Sunday,november,1483,11,6-11-1483,Coronation at Westminster,TQ3016079670,51.500988,-0.12617168
100,Greenwich,13,Sunday,june,1483,6,13-6-1483,,TQ3838077853,51.48271,-0.008532174
101,Greenwich,14,Monday,july,1483,7,14-7-1483,,TQ3838077853,51.48271,-0.008532174
102,Greenwich,15,Tuesday,july,1483,7,15-7-1483,,TQ3838077853,51.48271,-0.008532174
104,Greenwich,17,Thursday,july,1483,7,17-7-1483,,TQ3838077853,51.48271,-0.008532174
106,Greenwich,19,Saturday,july,1483,7,19-7-1483,,TQ3838077853,51.48271,-0.008532174
107,Windsor,19,Saturday,july,1483,7,19-7-1483,,SU9683776912,51.482886,-0.60683638
109,Windsor,21,Monday,july,1483,7,21-7-1483,,SU9683776912,51.482886,-0.60683638
110,Reading,21,Monday,july,1483,7,21-7-1483,,SU7130073300,51.454201,-0.9752476
112,Reading,23,Wednesday,july,1483,7,23-7-1483,,SU7130073300,51.454201,-0.9752476
113,Oxford,24,Thursday,july,1483,7,24-7-1483,King received at Magdalen College,SP5130006100,51.751253,-1.2582674
114,Oxford,25,Friday,july,1483,7,25-7-1483,Oxford (Magdalen College) King heard disputations on moral philosophy,SP5130006100,51.751253,-1.2582674
115,Oxford,26,Saturday,july,1483,7,26-7-1483,King toured the University (King probably left to spend night at Woodstock),SP5130006100,51.751253,-1.2582674
116,Woodstock,27,Sunday,july,1483,7,27-7-1483,,SP4400016000,51.840878,-1.362755
117,Woodstock,28,Monday,july,1483,7,28-7-1483,,SP4400016000,51.840878,-1.362755
118,Minster Lovell,29,Tuesday,july,1483,7,29-7-1483,,SP3100010000,51.787804,-1.5519743
121,Gloucester,1,Friday,august,1483,8,1-8-1483,Monasterium - probably the Abbey,SO8320018600,51.865722,-2.2453868
124,Tewkesbury,4,Monday,august,1483,8,4-8-1483,,SO8906432451,51.990404,-2.1606669
125,Worcester,5,Tuesday,august,1483,8,5-8-1483,,SO8490054800,52.191231,-2.2223083
128,Warwick Castle,8,Friday,august,1483,8,8-8-1483,,SP2833864635,52.279132,-1.5860613
129,Warwick Castle,9,Saturday,august,1483,8,9-8-1483,,SP2833864635,52.279132,-1.5860613
133,Warwick Castle,13,Wednesday,august,1483,8,13-8-1483,,SP2833864635,52.279132,-1.5860613
135,Coventry,15,Friday,august,1483,8,15-8-1483,,SP3339979008,52.408066,-1.5104605
136,Coventry,16,Saturday,august,1483,8,16-8-1483,,SP3339979008,52.408066,-1.5104605
137,Leicester,17,Sunday,august,1483,8,17-8-1483,,SK5839504514,52.635247,-1.1385736
138,Leicester Castle,18,Monday,august,1483,8,18-8-1483,,SK5820004100,52.631542,-1.141526
139,Leicester,19,Tuesday,august,1483,8,19-8-1483,,SK5839504514,52.635247,-1.1385736
140,Leicester,20,Wednesday,august,1483,8,20-8-1483,,SK5839504514,52.635247,-1.1385736
141,Nottingham Castle,21,Thursday,august,1483,8,21-8-1483,,SK5691239449,52.949414,-1.1544174
142,Nottingham Castle,22,Friday,august,1483,8,22-8-1483,,SK5691239449,52.949414,-1.1544174
143,Nottingham Castle,23,Saturday,august,1483,8,23-8-1483,,SK5691239449,52.949414,-1.1544174
147,Pontefract Castle,27,Wednesday,august,1483,8,27-8-1483,"In a letter of summons addressed to various gentry, dated 18th August, the king said he expected to arrive at Pontefract on 27th August - he may have arrived earlier",SE4610022400,53.696014,-1.3032846
148,Pontefract Castle,28,Thursday,august,1483,8,28-8-1483,,SE4610022400,53.696014,-1.3032846
149,York,29,Friday,august,1483,8,29-8-1483,King was to be met at Tadcaster by Sheriffs and at Breckles Mills by Mayor.  Kings arrival at Minster,SE6030051700,53.957883,-1.0825156
150,York,30,Saturday,august,1483,8,30-8-1483,,SE6030051700,53.957883,-1.0825156
151,York,31,Sunday,august,1483,8,31-8-1483,,SE6030051700,53.957883,-1.0825156
152,York,1,Monday,september,1483,9,1-9-1483,,SE6030051700,53.957883,-1.0825156
158,York,7,Sunday,september,1483,9,7-9-1483,Creed Play performed,SE6030051700,53.957883,-1.0825156
159,York,8,Monday,september,1483,9,8-9-1483,Investiture of the Price,SE6030051700,53.957883,-1.0825156
160,York,9,Tuesday,september,1483,9,9-9-1483,,SE6030051700,53.957883,-1.0825156
161,York,10,Wednesday,september,1483,9,10-9-1483,,SE6030051700,53.957883,-1.0825156
162,York,11,Thursday,september,1483,9,11-9-1483,,SE6030051700,53.957883,-1.0825156
163,York,12,Friday,september,1483,9,12-9-1483,,SE6030051700,53.957883,-1.0825156
164,York,13,Saturday,september,1483,9,13-9-1483,,SE6030051700,53.957883,-1.0825156
165,York,14,Sunday,september,1483,9,14-9-1483,,SE6030051700,53.957883,-1.0825156
166,York,15,Monday,september,1483,9,15-9-1483,,SE6030051700,53.957883,-1.0825156
167,York,16,Tuesday,september,1483,9,16-9-1483,,SE6030051700,53.957883,-1.0825156
168,York,17,Wednesday,september,1483,9,17-9-1483,,SE6030051700,53.957883,-1.0825156
169,York,18,Thursday,september,1483,9,18-9-1483,,SE6030051700,53.957883,-1.0825156
170,York,19,Friday,september,1483,9,19-9-1483,,SE6030051700,53.957883,-1.0825156
171,York,20,Saturday,september,1483,9,20-9-1483,,SE6030051700,53.957883,-1.0825156
172,Pontefract,21,Sunday,september,1483,9,21-9-1483,,SE4566021995,53.692413,-1.3100074
173,Pontefract,22,Monday,september,1483,9,22-9-1483,,SE4566021995,53.692413,-1.3100074
174,Pontefract,23,Tuesday,september,1483,9,23-9-1483,,SE4566021995,53.692413,-1.3100074
175,Pontefract,24,Wednesday,september,1483,9,24-9-1483,,SE4566021995,53.692413,-1.3100074
176,Pontefract Castle,25,Thursday,september,1483,9,25-9-1483,,SE4610022400,53.696014,-1.3032846
177,Pontefract,26,Friday,september,1483,9,26-9-1483,,SE4566021995,53.692413,-1.3100074
178,Pontefract,27,Saturday,september,1483,9,27-9-1483,,SE4566021995,53.692413,-1.3100074
179,Pontefract,28,Sunday,september,1483,9,28-9-1483,,SE4566021995,53.692413,-1.3100074
180,Pontefract,29,Monday,september,1483,9,29-9-1483,,SE4566021995,53.692413,-1.3100074
181,Pontefract,30,Tuesday,september,1483,9,30-9-1483,,SE4566021995,53.692413,-1.3100074
182,Pontefract,1,Wednesday,october,1483,10,1-10-1483,,SE4566021995,53.692413,-1.3100074
183,Pontefract,2,Thursday,october,1483,10,2-10-1483,,SE4566021995,53.692413,-1.3100074
184,Pontefract,3,Friday,october,1483,10,3-10-1483,,SE4566021995,53.692413,-1.3100074
185,Pontefract,4,Saturday,october,1483,10,4-10-1483,,SE4566021995,53.692413,-1.3100074
186,Pontefract,5,Sunday,october,1483,10,5-10-1483,,SE4566021995,53.692413,-1.3100074
187,Pontefract,6,Monday,october,1483,10,6-10-1483,,SE4566021995,53.692413,-1.3100074
188,Pontefract,7,Tuesday,october,1483,10,7-10-1483,,SE4566021995,53.692413,-1.3100074
189,Pontefract,8,Wednesday,october,1483,10,8-10-1483,,SE4566021995,53.692413,-1.3100074
191,Gainsborough,10,Friday,october,1483,10,10-10-1483,,SK8148389881,53.399474,-0.77597111
192,Lincoln,11,Saturday,october,1483,10,11-10-1483,,SK9746471804,53.234336,-0.54124564
193,Lincoln,12,Sunday,october,1483,10,12-10-1483,,SK9746471804,53.234336,-0.54124564
195,Lincoln,14,Tuesday,october,1483,10,14-10-1483,,SK9746471804,53.234336,-0.54124564
197,Lincoln,16,Thursday,october,1483,10,16-10-1483,,SK9746471804,53.234336,-0.54124564
198,Lincoln,17,Friday,october,1483,10,17-10-1483,,SK9746471804,53.234336,-0.54124564
199,Nottingham,18,Saturday,october,1483,10,18-10-1483,,SK5700040000,52.954357,-1.1530111
200,Grantham,19,Sunday,october,1483,10,19-10-1483,"Great Seal delivered to the King at noon in ""King's Chamber"" at Angel Inn",SK 91379 35927,52.913008,-0.64255821
201,Grantham,20,Monday,october,1483,10,20-10-1483,,SK 91379 35927,52.913008,-0.64255821
202,Melton Mowbray,21,Tuesday,october,1483,10,21-10-1483,,SK7525019105,52.764314,-0.886226
203,Leicester,22,Wednesday,october,1483,10,22-10-1483,,SK5839504514,52.635247,-1.1385736
204,Leicester,23,Thursday,october,1483,10,23-10-1483,,SK5839504514,52.635247,-1.1385736
205,Coventry,24,Friday,october,1483,10,24-10-1483,,SP3339979008,52.408066,-1.5104605
209,Oxford,28,Tuesday,october,1483,10,28-10-1483,,SP5130006100,51.751253,-1.2582674
214,Salisbury,2,Sunday,november,1483,11,2-11-1483,,SU1428229527,51.064904,-1.7975682
215,Salisbury,3,Monday,november,1483,11,3-11-1483,,SU1428229527,51.064904,-1.7975682
217,Dorchester,5,Wednesday,november,1483,11,5-11-1483,,SY6900090600,50.714197,-2.4404469
218,Bridport,5,Wednesday,november,1483,11,5-11-1483,Priory of St John the Baptist East Stree,SY4659492942,50.733627,-2.7581236
221,Exeter,8,Saturday,november,1483,11,8-11-1483,,SX9209592965,50.726255,-3.5301465
225,Exeter,12,Wednesday,november,1483,11,12-11-1483,,SX9209592965,50.726255,-3.5301465
226,Exeter,13,Thursday,november,1483,11,13-11-1483,,SX9209592965,50.726255,-3.5301465
227,Exeter,14,Friday,november,1483,11,14-11-1483,,SX9209592965,50.726255,-3.5301465
228,Bridgwater,15,Saturday,november,1483,11,15-11-1483,,ST2985437186,51.129637,-3.0038247
231,Salisbury,18,Tuesday,november,1483,11,18-11-1483,,SU1428229527,51.064904,-1.7975682
234,Winchester,21,Friday,november,1483,11,21-11-1483,,SU4779329466,51.062549,-1.3193687
235,Winchester,22,Saturday,november,1483,11,22-11-1483,,SU4779329466,51.062549,-1.3193687
236,Farnham,22,Saturday,november,1483,11,22-11-1483,,SU8370047300,51.218773,-0.80292933
237,Farnham,23,Sunday,november,1483,11,23-11-1483,,SU8370047300,51.218773,-0.80292933
238,Guildford,24,Monday,november,1483,11,24-11-1483,,SU9976049312,51.23428,-0.57249337
239,City of London,25,Tuesday,november,1483,11,25-11-1483,"King entered London this day.  Met at Kennington by Mayor, etc",TQ3248081340,51.515457,-0.092140265
240,City of London,26,Wednesday,november,1483,11,26-11-1483,,TQ3248081340,51.515457,-0.092140265
241,Westminster,26,Wednesday,november,1483,11,26-11-1483,Great Seal returned to Chancellor in Star Chamber at Westminster by king,TQ3016079670,51.500988,-0.12617168
242,City of London,27,Thursday,november,1483,11,27-11-1483,,TQ3248081340,51.515457,-0.092140265
243,City of London,28,Friday,november,1483,11,28-11-1483,,TQ3248081340,51.515457,-0.092140265
244,City of London,29,Saturday,november,1483,11,29-11-1483,,TQ3248081340,51.515457,-0.092140265
245,City of London,30,Sunday,november,1483,11,30-11-1483,,TQ3248081340,51.515457,-0.092140265
246,City of London,1,Monday,december,1483,12,1-12-1483,,TQ3248081340,51.515457,-0.092140265
247,City of London,2,Tuesday,december,1483,12,2-12-1483,,TQ3248081340,51.515457,-0.092140265
248,City of London,3,Wednesday,december,1483,12,3-12-1483,,TQ3248081340,51.515457,-0.092140265
249,City of London,4,Thursday,december,1483,12,4-12-1483,,TQ3248081340,51.515457,-0.092140265
250,Westminster,4,Thursday,december,1483,12,4-12-1483,,TQ3016079670,51.500988,-0.12617168
251,City of London,5,Friday,december,1483,12,5-12-1483,,TQ3248081340,51.515457,-0.092140265
252,City of London,6,Saturday,december,1483,12,6-12-1483,,TQ3248081340,51.515457,-0.092140265
253,City of London,7,Sunday,december,1483,12,7-12-1483,,TQ3248081340,51.515457,-0.092140265
254,City of London,8,Monday,december,1483,12,8-12-1483,,TQ3248081340,51.515457,-0.092140265
255,City of London,9,Tuesday,december,1483,12,9-12-1483,,TQ3248081340,51.515457,-0.092140265
256,City of London,10,Wednesday,december,1483,12,10-12-1483,,TQ3248081340,51.515457,-0.092140265
257,City of London,11,Thursday,december,1483,12,11-12-1483,,TQ3248081340,51.515457,-0.092140265
258,City of London,12,Friday,december,1483,12,12-12-1483,,TQ3248081340,51.515457,-0.092140265
259,City of London,13,Saturday,december,1483,12,13-12-1483,,TQ3248081340,51.515457,-0.092140265
260,City of London,14,Sunday,december,1483,12,14-12-1483,,TQ3248081340,51.515457,-0.092140265
261,City of London,15,Monday,december,1483,12,15-12-1483,,TQ3248081340,51.515457,-0.092140265
262,City of London,16,Tuesday,december,1483,12,16-12-1483,,TQ3248081340,51.515457,-0.092140265
263,City of London,17,Wednesday,december,1483,12,17-12-1483,,TQ3248081340,51.515457,-0.092140265
265,City of London,19,Friday,december,1483,12,19-12-1483,,TQ3248081340,51.515457,-0.092140265
266,City of London,20,Saturday,december,1483,12,20-12-1483,,TQ3248081340,51.515457,-0.092140265
267,City of London,21,Sunday,december,1483,12,21-12-1483,,TQ3248081340,51.515457,-0.092140265
268,City of London,22,Monday,december,1483,12,22-12-1483,,TQ3248081340,51.515457,-0.092140265
269,Westminster,23,Tuesday,december,1483,12,23-12-1483,,TQ3016079670,51.500988,-0.12617168
270,Westminster,24,Wednesday,december,1483,12,24-12-1483,,TQ3016079670,51.500988,-0.12617168
271,Westminster,25,Thursday,december,1483,12,25-12-1483,,TQ3016079670,51.500988,-0.12617168
272,Westminster,26,Friday,december,1483,12,26-12-1483,,TQ3016079670,51.500988,-0.12617168
274,Westminster,28,Sunday,december,1483,12,28-12-1483,,TQ3016079670,51.500988,-0.12617168
275,Westminster,29,Monday,december,1483,12,29-12-1483,,TQ3016079670,51.500988,-0.12617168
282,Westminster,5,Monday,january,1484,1,5-1-1484,Twelfth Night feast in the White Hall at Westminster Mayor of London attended,TQ3016079670,51.500988,-0.12617168
284,Westminster,7,Wednesday,january,1484,1,7-1-1484,,TQ3016079670,51.500988,-0.12617168
285,Westminster,8,Thursday,january,1484,1,8-1-1484,,TQ3016079670,51.500988,-0.12617168
287,Canterbury,10,Saturday,january,1484,1,10-1-1484,,TR1454057430,51.275608,1.0745524
289,Canterbury,12,Monday,january,1484,1,12-1-1484,,TR1454057430,51.275608,1.0745524
290,Sandwich,13,Tuesday,january,1484,1,13-1-1484,,TR3327158200,51.275166,1.3431368
291,Sandwich,14,Wednesday,january,1484,1,14-1-1484,,TR3327158200,51.275166,1.3431368
293,Sandwich,16,Friday,january,1484,1,16-1-1484,,TR3327158200,51.275166,1.3431368
294,Sandwich,17,Saturday,january,1484,1,17-1-1484,,TR3327158200,51.275166,1.3431368
298,Westminster,21,Wednesday,january,1484,1,21-1-1484,,TQ3016079670,51.500988,-0.12617168
299,Westminster,22,Thursday,january,1484,1,22-1-1484,,TQ3016079670,51.500988,-0.12617168
300,Westminster,23,Friday,january,1484,1,23-1-1484,,TQ3016079670,51.500988,-0.12617168
301,Westminster,24,Saturday,january,1484,1,24-1-1484,,TQ3016079670,51.500988,-0.12617168
303,Westminster,26,Monday,january,1484,1,26-1-1484,,TQ3016079670,51.500988,-0.12617168
305,Westminster,28,Wednesday,january,1484,1,28-1-1484,,TQ3016079670,51.500988,-0.12617168
306,Westminster,29,Thursday,january,1484,1,29-1-1484,,TQ3016079670,51.500988,-0.12617168
307,Westminster,30,Friday,january,1484,1,30-1-1484,,TQ3016079670,51.500988,-0.12617168
308,Westminster,31,Saturday,january,1484,1,31-1-1484,,TQ3016079670,51.500988,-0.12617168
311,Westminster,3,Tuesday,february,1484,2,3-2-1484,,TQ3016079670,51.500988,-0.12617168
312,Westminster,4,Wednesday,february,1484,2,4-2-1484,,TQ3016079670,51.500988,-0.12617168
313,Westminster,5,Thursday,february,1484,2,5-2-1484,,TQ3016079670,51.500988,-0.12617168
314,Westminster,6,Friday,february,1484,2,6-2-1484,,TQ3016079670,51.500988,-0.12617168
315,Westminster,7,Saturday,february,1484,2,7-2-1484,,TQ3016079670,51.500988,-0.12617168
316,Westminster,8,Sunday,february,1484,2,8-2-1484,,TQ3016079670,51.500988,-0.12617168
317,Westminster,9,Monday,february,1484,2,9-2-1484,,TQ3016079670,51.500988,-0.12617168
318,Westminster,10,Tuesday,february,1484,2,10-2-1484,,TQ3016079670,51.500988,-0.12617168
319,Westminster,11,Wednesday,february,1484,2,11-2-1484,,TQ3016079670,51.500988,-0.12617168
320,Westminster,12,Thursday,february,1484,2,12-2-1484,,TQ3016079670,51.500988,-0.12617168
321,Westminster,13,Friday,february,1484,2,13-2-1484,,TQ3016079670,51.500988,-0.12617168
322,Westminster,14,Saturday,february,1484,2,14-2-1484,,TQ3016079670,51.500988,-0.12617168
323,Westminster,15,Sunday,february,1484,2,15-2-1484,,TQ3016079670,51.500988,-0.12617168
324,Westminster,16,Monday,february,1484,2,16-2-1484,,TQ3016079670,51.500988,-0.12617168
325,Westminster,17,Tuesday,february,1484,2,17-2-1484,,TQ3016079670,51.500988,-0.12617168
326,Tower of London,18,Wednesday,february,1484,2,18-2-1484,,TQ3360080600,51.508544,-0.076289153
327,Westminster,18,Wednesday,february,1484,2,18-2-1484,,TQ3016079670,51.500988,-0.12617168
328,Westminster,19,Thursday,february,1484,2,19-2-1484,,TQ3016079670,51.500988,-0.12617168
329,Westminster,20,Friday,february,1484,2,20-2-1484,,TQ3016079670,51.500988,-0.12617168
330,Westminster,21,Saturday,february,1484,2,21-2-1484,,TQ3016079670,51.500988,-0.12617168
332,Westminster,23,Monday,february,1484,2,23-2-1484,,TQ3016079670,51.500988,-0.12617168
333,Westminster,24,Tuesday,february,1484,2,24-2-1484,,TQ3016079670,51.500988,-0.12617168
334,Westminster,25,Wednesday,february,1484,2,25-2-1484,,TQ3016079670,51.500988,-0.12617168
335,Westminster,26,Thursday,february,1484,2,26-2-1484,,TQ3016079670,51.500988,-0.12617168
336,Westminster,27,Friday,february,1484,2,27-2-1484,,TQ3016079670,51.500988,-0.12617168
337,Westminster,28,Saturday,february,1484,2,28-2-1484,,TQ3016079670,51.500988,-0.12617168
338,Westminster,29,Sunday,february,1484,2,29-2-1484,,TQ3016079670,51.500988,-0.12617168
339,Westminster,1,Monday,march,1484,3,1-3-1484,,TQ3016079670,51.500988,-0.12617168
340,Westminster,2,Tuesday,march,1484,3,2-3-1484,,TQ3016079670,51.500988,-0.12617168
341,Westminster,3,Wednesday,march,1484,3,3-3-1484,,TQ3016079670,51.500988,-0.12617168
342,Westminster,4,Thursday,march,1484,3,4-3-1484,,TQ3016079670,51.500988,-0.12617168
343,Westminster,5,Friday,march,1484,3,5-3-1484,,TQ3016079670,51.500988,-0.12617168
344,City of London,6,Saturday,march,1484,3,6-3-1484,,TQ3248081340,51.515457,-0.092140265
345,Westminster,6,Saturday,march,1484,3,6-3-1484,,TQ3016079670,51.500988,-0.12617168
346,City of London,7,Sunday,march,1484,3,7-3-1484,,TQ3248081340,51.515457,-0.092140265
348,University of Cambridge,9,Tuesday,march,1484,3,9-3-1484,,TL4474958346,52.204336,0.11678606
349,University of Cambridge,10,Wednesday,march,1484,3,10-3-1484,,TL4474958346,52.204336,0.11678606
350,University of Cambridge,11,Thursday,march,1484,3,11-3-1484,,TL4474958346,52.204336,0.11678606
351,Huntingdon,12,Friday,march,1484,3,12-3-1484,,TL2402571458,52.327212,-0.18148094
352,Stamford,13,Saturday,march,1484,3,13-3-1484,,TF0282607016,52.651142,-0.48146188
353,Stamford,14,Sunday,march,1484,3,14-3-1484,,TF0282607016,52.651142,-0.48146188
355,Grantham,16,Tuesday,march,1484,3,16-3-1484,,SK 91379 35927,52.913008,-0.64255821
356,Nottingham,17,Wednesday,march,1484,3,17-3-1484,,SK5700040000,52.954357,-1.1530111
357,Nottingham,18,Thursday,march,1484,3,18-3-1484,,SK5700040000,52.954357,-1.1530111
358,Nottingham,19,Friday,march,1484,3,19-3-1484,,SK5700040000,52.954357,-1.1530111
359,Nottingham,20,Saturday,march,1484,3,20-3-1484,,SK5700040000,52.954357,-1.1530111
360,Nottingham,21,Sunday,march,1484,3,21-3-1484,,SK5700040000,52.954357,-1.1530111
361,Nottingham,22,Monday,march,1484,3,22-3-1484,,SK5700040000,52.954357,-1.1530111
362,Nottingham,23,Tuesday,march,1484,3,23-3-1484,,SK5700040000,52.954357,-1.1530111
363,Nottingham,24,Wednesday,march,1484,3,24-3-1484,,SK5700040000,52.954357,-1.1530111
364,Nottingham,25,Thursday,march,1484,3,25-3-1484,,SK5700040000,52.954357,-1.1530111
365,Nottingham,26,Friday,march,1484,3,26-3-1484,,SK5700040000,52.954357,-1.1530111
366,Nottingham,27,Saturday,march,1484,3,27-3-1484,,SK5700040000,52.954357,-1.1530111
367,Nottingham,28,Sunday,march,1484,3,28-3-1484,,SK5700040000,52.954357,-1.1530111
368,Nottingham,29,Monday,march,1484,3,29-3-1484,,SK5700040000,52.954357,-1.1530111
369,Nottingham,30,Tuesday,march,1484,3,30-3-1484,,SK5700040000,52.954357,-1.1530111
370,Derby,30,Tuesday,march,1484,3,30-3-1484,,SK3524236342,52.92334,-1.4772494
371,Monastery of Burton,31,Wednesday,march,1484,3,31-3-1484,,SK2508022639,52.800731,-1.6294491
372,Monastery of Burton,1,Thursday,april,1484,4,1-4-1484,,SK2508022639,52.800731,-1.6294491
375,Nottingham,4,Sunday,april,1484,4,4-4-1484,,SK5700040000,52.954357,-1.1530111
376,Nottingham,5,Monday,april,1484,4,5-4-1484,,SK5700040000,52.954357,-1.1530111
378,Nottingham,7,Wednesday,april,1484,4,7-4-1484,,SK5700040000,52.954357,-1.1530111
379,Nottingham,8,Thursday,april,1484,4,8-4-1484,,SK5700040000,52.954357,-1.1530111
380,Nottingham,9,Friday,april,1484,4,9-4-1484,,SK5700040000,52.954357,-1.1530111
381,Nottingham,10,Saturday,april,1484,4,10-4-1484,,SK5700040000,52.954357,-1.1530111
382,Nottingham,11,Sunday,april,1484,4,11-4-1484,,SK5700040000,52.954357,-1.1530111
383,Nottingham,12,Monday,april,1484,4,12-4-1484,,SK5700040000,52.954357,-1.1530111
384,Nottingham,13,Tuesday,april,1484,4,13-4-1484,,SK5700040000,52.954357,-1.1530111
386,Nottingham,15,Thursday,april,1484,4,15-4-1484,,SK5700040000,52.954357,-1.1530111
387,Nottingham,16,Friday,april,1484,4,16-4-1484,,SK5700040000,52.954357,-1.1530111
388,Nottingham,17,Saturday,april,1484,4,17-4-1484,,SK5700040000,52.954357,-1.1530111
391,Nottingham,20,Tuesday,april,1484,4,20-4-1484,,SK5700040000,52.954357,-1.1530111
392,Nottingham,21,Wednesday,april,1484,4,21-4-1484,,SK5700040000,52.954357,-1.1530111
393,Nottingham,22,Thursday,april,1484,4,22-4-1484,,SK5700040000,52.954357,-1.1530111
394,Nottingham,23,Friday,april,1484,4,23-4-1484,,SK5700040000,52.954357,-1.1530111
395,Nottingham,24,Saturday,april,1484,4,24-4-1484,,SK5700040000,52.954357,-1.1530111
396,Nottingham,25,Sunday,april,1484,4,25-4-1484,,SK5700040000,52.954357,-1.1530111
397,Nottingham,26,Monday,april,1484,4,26-4-1484,,SK5700040000,52.954357,-1.1530111
398,Nottingham,27,Tuesday,april,1484,4,27-4-1484,,SK5700040000,52.954357,-1.1530111
399,Doncaster,27,Tuesday,april,1484,4,27-4-1484,,SE5741703562,53.525594,-1.1353707
400,Doncaster,28,Wednesday,april,1484,4,28-4-1484,,SE5741703562,53.525594,-1.1353707
401,Pontefract,29,Thursday,april,1484,4,29-4-1484,,SE4566021995,53.692413,-1.3100074
403,York,1,Saturday,may,1484,5,1-5-1484,,SE6030051700,53.957883,-1.0825156
404,York,2,Sunday,may,1484,5,2-5-1484,,SE6030051700,53.957883,-1.0825156
405,York,3,Monday,may,1484,5,3-5-1484,,SE6030051700,53.957883,-1.0825156
406,Nappa,4,Tuesday,may,1484,5,4-5-1484,,SD9657490800,54.312778,-2.0541667
408,Middleham,6,Thursday,may,1484,5,6-5-1484,,SE1266987621,54.284065,-1.8069
409,Middleham,7,Friday,may,1484,5,7-5-1484,,SE1266987621,54.284065,-1.8069
410,Middleham,8,Saturday,may,1484,5,8-5-1484,,SE1266987621,54.284065,-1.8069
411,Barnard Castle,9,Sunday,may,1484,5,9-5-1484,,NZ0493816486,54.543611,-1.9251783
412,Barnard Castle,10,Monday,may,1484,5,10-5-1484,,NZ0493816486,54.543611,-1.9251783
415,Newcastle,13,Thursday,may,1484,5,13-5-1484,,NZ2503463867,54.9688,-1.6105
416,Newcastle,14,Friday,may,1484,5,14-5-1484,,NZ2503463867,54.9688,-1.6105
417,Durham,14,Friday,may,1484,5,14-5-1484,,NZ2736642283,54.774722,-1.576111
418,Durham,15,Saturday,may,1484,5,15-5-1484,,NZ2736642283,54.774722,-1.576111
419,Durham,16,Sunday,may,1484,5,16-5-1484,,NZ2736642283,54.774722,-1.576111
420,Durham,17,Monday,may,1484,5,17-5-1484,,NZ2736642283,54.774722,-1.576111
423,Rievaulx,20,Thursday,may,1484,5,20-5-1484,,SE 57643 85007,54.2575,-1.116667
425,Scarborough Castle,22,Saturday,may,1484,5,22-5-1484,,TA0503489128,54.287,-0.388
427,Sheriff Hutton,24,Monday,may,1484,5,24-5-1484,,SE6520166221,54.087778,-1.004722
428,York,25,Tuesday,may,1484,5,25-5-1484,,SE6030051700,53.957883,-1.0825156
430,York,27,Thursday,may,1484,5,27-5-1484,,SE6030051700,53.957883,-1.0825156
432,Pontefract,29,Saturday,may,1484,5,29-5-1484,,SE4566021995,53.692413,-1.3100074
433,Pontefract,30,Sunday,may,1484,5,30-5-1484,,SE4566021995,53.692413,-1.3100074
434,Pontefract,31,Monday,may,1484,5,31-5-1484,,SE4566021995,53.692413,-1.3100074
435,Pontefract,1,Tuesday,june,1484,6,1-6-1484,,SE4566021995,53.692413,-1.3100074
436,Pontefract,2,Wednesday,june,1484,6,2-6-1484,,SE4566021995,53.692413,-1.3100074
438,Pontefract,4,Friday,june,1484,6,4-6-1484,,SE4566021995,53.692413,-1.3100074
439,Pontefract,5,Saturday,june,1484,6,5-6-1484,,SE4566021995,53.692413,-1.3100074
440,Pontefract,6,Sunday,june,1484,6,6-6-1484,,SE4566021995,53.692413,-1.3100074
442,Pontefract,8,Tuesday,june,1484,6,8-6-1484,,SE4566021995,53.692413,-1.3100074
443,Pontefract,9,Wednesday,june,1484,6,9-6-1484,,SE4566021995,53.692413,-1.3100074
444,Pontefract,10,Thursday,june,1484,6,10-6-1484,,SE4566021995,53.692413,-1.3100074
445,Pontefract,11,Friday,june,1484,6,11-6-1484,,SE4566021995,53.692413,-1.3100074
446,Pontefract,12,Saturday,june,1484,6,12-6-1484,,SE4566021995,53.692413,-1.3100074
448,York,14,Monday,june,1484,6,14-6-1484,,SE6030051700,53.957883,-1.0825156
450,York,16,Wednesday,june,1484,6,16-6-1484,,SE6030051700,53.957883,-1.0825156
452,York,18,Friday,june,1484,6,18-6-1484,,SE6030051700,53.957883,-1.0825156
455,Pontefract,21,Monday,june,1484,6,21-6-1484,,SE4566021995,53.692413,-1.3100074
456,Pontefract,22,Tuesday,june,1484,6,22-6-1484,,SE4566021995,53.692413,-1.3100074
457,Pontefract,23,Wednesday,june,1484,6,23-6-1484,,SE4566021995,53.692413,-1.3100074
458,York,24,Thursday,june,1484,6,24-6-1484,,SE6030051700,53.957883,-1.0825156
459,York,25,Friday,june,1484,6,25-6-1484,,SE6030051700,53.957883,-1.0825156
460,York,26,Saturday,june,1484,6,26-6-1484,,SE6030051700,53.957883,-1.0825156
461,Scarborough,27,Sunday,june,1484,6,27-6-1484,,TA0400088000,54.277075,-0.40427196
462,Scarborough,28,Monday,june,1484,6,28-6-1484,,TA0400088000,54.277075,-0.40427196
464,Scarborough,30,Wednesday,june,1484,6,30-6-1484,,TA0400088000,54.277075,-0.40427196
467,Scarborough,3,Saturday,july,1484,7,3-7-1484,,TA0400088000,54.277075,-0.40427196
468,Scarborough,4,Sunday,july,1484,7,4-7-1484,,TA0400088000,54.277075,-0.40427196
469,Scarborough,5,Monday,july,1484,7,5-7-1484,,TA0400088000,54.277075,-0.40427196
470,Scarborough,6,Tuesday,july,1484,7,6-7-1484,,TA0400088000,54.277075,-0.40427196
471,Scarborough,7,Wednesday,july,1484,7,7-7-1484,,TA0400088000,54.277075,-0.40427196
472,Scarborough,8,Thursday,july,1484,7,8-7-1484,,TA0400088000,54.277075,-0.40427196
474,Scarborough,10,Saturday,july,1484,7,10-7-1484,,TA0400088000,54.277075,-0.40427196
475,Scarborough,11,Sunday,july,1484,7,11-7-1484,,TA0400088000,54.277075,-0.40427196
478,York,14,Wednesday,july,1484,7,14-7-1484,,SE6030051700,53.957883,-1.0825156
479,York,15,Thursday,july,1484,7,15-7-1484,,SE6030051700,53.957883,-1.0825156
484,York,20,Tuesday,july,1484,7,20-7-1484,,SE6030051700,53.957883,-1.0825156
485,York,21,Wednesday,july,1484,7,21-7-1484,,SE6030051700,53.957883,-1.0825156
486,York,22,Thursday,july,1484,7,22-7-1484,,SE6030051700,53.957883,-1.0825156
487,Pontefract,22,Thursday,july,1484,7,22-7-1484,,SE4566021995,53.692413,-1.3100074
488,Pontefract,23,Friday,july,1484,7,23-7-1484,,SE4566021995,53.692413,-1.3100074
490,Nottingham,25,Sunday,july,1484,7,25-7-1484,,SK5700040000,52.954357,-1.1530111
491,Nottingham,26,Monday,july,1484,7,26-7-1484,,SK5700040000,52.954357,-1.1530111
493,Nottingham,28,Wednesday,july,1484,7,28-7-1484,,SK5700040000,52.954357,-1.1530111
494,Nottingham,29,Thursday,july,1484,7,29-7-1484,,SK5700040000,52.954357,-1.1530111
495,Nottingham,30,Friday,july,1484,7,30-7-1484,,SK5700040000,52.954357,-1.1530111
496,Nottingham,31,Saturday,july,1484,7,31-7-1484,,SK5700040000,52.954357,-1.1530111
497,Leicester Abbey,31,Saturday,july,1484,7,31-7-1484,,SK5849206040,52.648949,-1.1368691
501,Westminster,4,Wednesday,august,1484,8,4-8-1484,,TQ3016079670,51.500988,-0.12617168
503,Westminster,6,Friday,august,1484,8,6-8-1484,,TQ3016079670,51.500988,-0.12617168
504,Westminster,7,Saturday,august,1484,8,7-8-1484,,TQ3016079670,51.500988,-0.12617168
506,Westminster,9,Monday,august,1484,8,9-8-1484,,TQ3016079670,51.500988,-0.12617168
507,Westminster,10,Tuesday,august,1484,8,10-8-1484,,TQ3016079670,51.500988,-0.12617168
508,Westminster,11,Wednesday,august,1484,8,11-8-1484,,TQ3016079670,51.500988,-0.12617168
509,Westminster,12,Thursday,august,1484,8,12-8-1484,,TQ3016079670,51.500988,-0.12617168
510,Westminster,13,Friday,august,1484,8,13-8-1484,,TQ3016079670,51.500988,-0.12617168
511,Westminster,14,Saturday,august,1484,8,14-8-1484,,TQ3016079670,51.500988,-0.12617168
512,Westminster,15,Sunday,august,1484,8,15-8-1484,,TQ3016079670,51.500988,-0.12617168
513,Westminster,16,Monday,august,1484,8,16-8-1484,,TQ3016079670,51.500988,-0.12617168
514,Westminster,17,Tuesday,august,1484,8,17-8-1484,,TQ3016079670,51.500988,-0.12617168
515,Westminster,18,Wednesday,august,1484,8,18-8-1484,,TQ3016079670,51.500988,-0.12617168
516,Windsor,19,Thursday,august,1484,8,19-8-1484,,SU9683776912,51.482886,-0.60683638
523,Nottingham,26,Thursday,august,1484,8,26-8-1484,,SK5700040000,52.954357,-1.1530111
525,Nottingham,28,Saturday,august,1484,8,28-8-1484,,SK5700040000,52.954357,-1.1530111
526,Nottingham,29,Sunday,august,1484,8,29-8-1484,,SK5700040000,52.954357,-1.1530111
527,Nottingham,30,Monday,august,1484,8,30-8-1484,,SK5700040000,52.954357,-1.1530111
528,Nottingham,31,Tuesday,august,1484,8,31-8-1484,,SK5700040000,52.954357,-1.1530111
529,Nottingham,1,Wednesday,september,1484,9,1-9-1484,,SK5700040000,52.954357,-1.1530111
530,Nottingham,2,Thursday,september,1484,9,2-9-1484,,SK5700040000,52.954357,-1.1530111
533,Nottingham,5,Sunday,september,1484,9,5-9-1484,,SK5700040000,52.954357,-1.1530111
534,Nottingham,6,Monday,september,1484,9,6-9-1484,,SK5700040000,52.954357,-1.1530111
535,Nottingham,7,Tuesday,september,1484,9,7-9-1484,,SK5700040000,52.954357,-1.1530111
536,Nottingham,8,Wednesday,september,1484,9,8-9-1484,,SK5700040000,52.954357,-1.1530111
537,Nottingham,9,Thursday,september,1484,9,9-9-1484,,SK5700040000,52.954357,-1.1530111
538,Nottingham,10,Friday,september,1484,9,10-9-1484,,SK5700040000,52.954357,-1.1530111
539,Nottingham,11,Saturday,september,1484,9,11-9-1484,,SK5700040000,52.954357,-1.1530111
540,Nottingham,12,Sunday,september,1484,9,12-9-1484,,SK5700040000,52.954357,-1.1530111
541,Nottingham,13,Monday,september,1484,9,13-9-1484,,SK5700040000,52.954357,-1.1530111
542,Nottingham,14,Tuesday,september,1484,9,14-9-1484,,SK5700040000,52.954357,-1.1530111
543,Nottingham,15,Wednesday,september,1484,9,15-9-1484,,SK5700040000,52.954357,-1.1530111
544,Nottingham,16,Thursday,september,1484,9,16-9-1484,,SK5700040000,52.954357,-1.1530111
545,Nottingham,17,Friday,september,1484,9,17-9-1484,,SK5700040000,52.954357,-1.1530111
546,Nottingham,18,Saturday,september,1484,9,18-9-1484,,SK5700040000,52.954357,-1.1530111
547,Nottingham,19,Sunday,september,1484,9,19-9-1484,,SK5700040000,52.954357,-1.1530111
548,Nottingham,20,Monday,september,1484,9,20-9-1484,,SK5700040000,52.954357,-1.1530111
549,Nottingham,21,Tuesday,september,1484,9,21-9-1484,,SK5700040000,52.954357,-1.1530111
550,Nottingham,22,Wednesday,september,1484,9,22-9-1484,,SK5700040000,52.954357,-1.1530111
551,Nottingham,23,Thursday,september,1484,9,23-9-1484,,SK5700040000,52.954357,-1.1530111
552,Nottingham,24,Friday,september,1484,9,24-9-1484,,SK5700040000,52.954357,-1.1530111
553,Nottingham,25,Saturday,september,1484,9,25-9-1484,,SK5700040000,52.954357,-1.1530111
554,Nottingham,26,Sunday,september,1484,9,26-9-1484,,SK5700040000,52.954357,-1.1530111
555,Nottingham,27,Monday,september,1484,9,27-9-1484,,SK5700040000,52.954357,-1.1530111
556,Nottingham,28,Tuesday,september,1484,9,28-9-1484,,SK5700040000,52.954357,-1.1530111
557,Nottingham,29,Wednesday,september,1484,9,29-9-1484,,SK5700040000,52.954357,-1.1530111
558,Nottingham,30,Thursday,september,1484,9,30-9-1484,,SK5700040000,52.954357,-1.1530111
559,Nottingham,1,Friday,october,1484,10,1-10-1484,,SK5700040000,52.954357,-1.1530111
560,Nottingham,2,Saturday,october,1484,10,2-10-1484,,SK5700040000,52.954357,-1.1530111
562,Nottingham,4,Monday,october,1484,10,4-10-1484,,SK5700040000,52.954357,-1.1530111
564,Nottingham,6,Wednesday,october,1484,10,6-10-1484,,SK5700040000,52.954357,-1.1530111
565,Nottingham,7,Thursday,october,1484,10,7-10-1484,,SK5700040000,52.954357,-1.1530111
566,Nottingham,8,Friday,october,1484,10,8-10-1484,,SK5700040000,52.954357,-1.1530111
569,Nottingham,11,Monday,october,1484,10,11-10-1484,,SK5700040000,52.954357,-1.1530111
570,Nottingham,12,Tuesday,october,1484,10,12-10-1484,,SK5700040000,52.954357,-1.1530111
571,Nottingham,13,Wednesday,october,1484,10,13-10-1484,,SK5700040000,52.954357,-1.1530111
572,Nottingham,14,Thursday,october,1484,10,14-10-1484,,SK5700040000,52.954357,-1.1530111
573,Nottingham,15,Friday,october,1484,10,15-10-1484,,SK5700040000,52.954357,-1.1530111
574,Nottingham,16,Saturday,october,1484,10,16-10-1484,,SK5700040000,52.954357,-1.1530111
575,Nottingham,17,Sunday,october,1484,10,17-10-1484,,SK5700040000,52.954357,-1.1530111
576,Nottingham,18,Monday,october,1484,10,18-10-1484,,SK5700040000,52.954357,-1.1530111
577,Nottingham,19,Tuesday,october,1484,10,19-10-1484,,SK5700040000,52.954357,-1.1530111
579,Nottingham,21,Thursday,october,1484,10,21-10-1484,,SK5700040000,52.954357,-1.1530111
580,Tutbury,22,Friday,october,1484,10,22-10-1484,,SK2124228899,52.857166,-1.6859749
581,Tutbury Castle,23,Saturday,october,1484,10,23-10-1484,,SK2091629151,52.859447,-1.6907948
582,Tutbury Castle,24,Sunday,october,1484,10,24-10-1484,,SK2091629151,52.859447,-1.6907948
583,Tutbury,25,Monday,october,1484,10,25-10-1484,,SK2124228899,52.857166,-1.6859749
584,Tutbury,26,Tuesday,october,1484,10,26-10-1484,,SK2124228899,52.857166,-1.6859749
586,Nottingham,28,Thursday,october,1484,10,28-10-1484,,SK5700040000,52.954357,-1.1530111
587,Nottingham,29,Friday,october,1484,10,29-10-1484,,SK5700040000,52.954357,-1.1530111
588,Nottingham,30,Saturday,october,1484,10,30-10-1484,,SK5700040000,52.954357,-1.1530111
591,Nottingham,2,Tuesday,november,1484,11,2-11-1484,,SK5700040000,52.954357,-1.1530111
592,Nottingham,3,Wednesday,november,1484,11,3-11-1484,,SK5700040000,52.954357,-1.1530111
594,Leicester,5,Friday,november,1484,11,5-11-1484,Town of Leicester,SK5839504514,52.635247,-1.1385736
595,Stony Stratford,6,Saturday,november,1484,11,6-11-1484,,SP7870040400,52.056404,-0.85359897
596,Northampton,6,Saturday,november,1484,11,6-11-1484,,SP7549060562,52.238083,-0.89592755
599,St. Albans,9,Tuesday,november,1484,11,9-11-1484,,TL1480007300,51.752638,-0.33830962
600,Westminster,10,Wednesday,november,1484,11,10-11-1484,,TQ3016079670,51.500988,-0.12617168
602,Westminster,12,Friday,november,1484,11,12-11-1484,,TQ3016079670,51.500988,-0.12617168
603,Westminster,13,Saturday,november,1484,11,13-11-1484,,TQ3016079670,51.500988,-0.12617168
604,Dartford,14,Sunday,november,1484,11,14-11-1484,,TQ5401074520,51.448728,0.21493839
605,Rochester,15,Monday,november,1484,11,15-11-1484,,TQ7414268559,51.389355,0.50145239
607,Canterbury,17,Wednesday,november,1484,11,17-11-1484,,TR1454057430,51.275608,1.0745524
608,Canterbury,18,Thursday,november,1484,11,18-11-1484,,TR1454057430,51.275608,1.0745524
609,Canterbury,19,Friday,november,1484,11,19-11-1484,,TR1454057430,51.275608,1.0745524
610,Canterbury,20,Saturday,november,1484,11,20-11-1484,,TR1454057430,51.275608,1.0745524
612,Canterbury,22,Monday,november,1484,11,22-11-1484,,TR1454057430,51.275608,1.0745524
618,Westminster,28,Sunday,november,1484,11,28-11-1484,,TQ3016079670,51.500988,-0.12617168
619,Westminster,29,Monday,november,1484,11,29-11-1484,,TQ3016079670,51.500988,-0.12617168
620,Westminster,30,Tuesday,november,1484,11,30-11-1484,,TQ3016079670,51.500988,-0.12617168
621,Westminster,1,Wednesday,december,1484,12,1-12-1484,,TQ3016079670,51.500988,-0.12617168
622,Westminster,2,Thursday,december,1484,12,2-12-1484,,TQ3016079670,51.500988,-0.12617168
623,Westminster,3,Friday,december,1484,12,3-12-1484,,TQ3016079670,51.500988,-0.12617168
624,Westminster,4,Saturday,december,1484,12,4-12-1484,,TQ3016079670,51.500988,-0.12617168
625,Westminster,5,Sunday,december,1484,12,5-12-1484,,TQ3016079670,51.500988,-0.12617168
626,Westminster,6,Monday,december,1484,12,6-12-1484,,TQ3016079670,51.500988,-0.12617168
627,Westminster,7,Tuesday,december,1484,12,7-12-1484,,TQ3016079670,51.500988,-0.12617168
628,Westminster,8,Wednesday,december,1484,12,8-12-1484,,TQ3016079670,51.500988,-0.12617168
629,Westminster,9,Thursday,december,1484,12,9-12-1484,,TQ3016079670,51.500988,-0.12617168
630,Westminster,10,Friday,december,1484,12,10-12-1484,,TQ3016079670,51.500988,-0.12617168
631,Westminster,11,Saturday,december,1484,12,11-12-1484,,TQ3016079670,51.500988,-0.12617168
632,Westminster,12,Sunday,december,1484,12,12-12-1484,,TQ3016079670,51.500988,-0.12617168
633,Westminster,13,Monday,december,1484,12,13-12-1484,,TQ3016079670,51.500988,-0.12617168
634,Westminster,14,Tuesday,december,1484,12,14-12-1484,,TQ3016079670,51.500988,-0.12617168
636,Westminster,16,Thursday,december,1484,12,16-12-1484,,TQ3016079670,51.500988,-0.12617168
637,City of London,16,Thursday,december,1484,12,16-12-1484,,TQ3248081340,51.515457,-0.092140265
638,Westminster,17,Friday,december,1484,12,17-12-1484,,TQ3016079670,51.500988,-0.12617168
639,Westminster,18,Saturday,december,1484,12,18-12-1484,,TQ3016079670,51.500988,-0.12617168
640,Westminster,19,Sunday,december,1484,12,19-12-1484,,TQ3016079670,51.500988,-0.12617168
641,Westminster,20,Monday,december,1484,12,20-12-1484,,TQ3016079670,51.500988,-0.12617168
642,Windsor,21,Tuesday,december,1484,12,21-12-1484,,SU9683776912,51.482886,-0.60683638
643,Westminster,21,Tuesday,december,1484,12,21-12-1484,,TQ3016079670,51.500988,-0.12617168
644,Westminster,22,Wednesday,december,1484,12,22-12-1484,,TQ3016079670,51.500988,-0.12617168
645,Westminster,23,Thursday,december,1484,12,23-12-1484,,TQ3016079670,51.500988,-0.12617168
646,Westminster,24,Friday,december,1484,12,24-12-1484,,TQ3016079670,51.500988,-0.12617168
648,Westminster,26,Sunday,december,1484,12,26-12-1484,,TQ3016079670,51.500988,-0.12617168
649,Westminster,27,Monday,december,1484,12,27-12-1484,,TQ3016079670,51.500988,-0.12617168
650,Westminster,28,Tuesday,december,1484,12,28-12-1484,,TQ3016079670,51.500988,-0.12617168
651,Westminster,29,Wednesday,december,1484,12,29-12-1484,,TQ3016079670,51.500988,-0.12617168
653,Westminster,31,Friday,december,1484,12,31-12-1484,,TQ3016079670,51.500988,-0.12617168
654,Westminster,1,Saturday,january,1485,1,1-1-1485,,TQ3016079670,51.500988,-0.12617168
655,Westminster,2,Sunday,january,1485,1,2-1-1485,,TQ3016079670,51.500988,-0.12617168
656,Westminster,3,Monday,january,1485,1,3-1-1485,,TQ3016079670,51.500988,-0.12617168
658,Westminster,5,Wednesday,january,1485,1,5-1-1485,,TQ3016079670,51.500988,-0.12617168
659,Westminster,6,Thursday,january,1485,1,6-1-1485,,TQ3016079670,51.500988,-0.12617168
660,Westminster,7,Friday,january,1485,1,7-1-1485,,TQ3016079670,51.500988,-0.12617168
661,Westminster,8,Saturday,january,1485,1,8-1-1485,,TQ3016079670,51.500988,-0.12617168
662,Westminster,9,Sunday,january,1485,1,9-1-1485,,TQ3016079670,51.500988,-0.12617168
663,Westminster,10,Monday,january,1485,1,10-1-1485,,TQ3016079670,51.500988,-0.12617168
664,Westminster,11,Tuesday,january,1485,1,11-1-1485,,TQ3016079670,51.500988,-0.12617168
666,Westminster,13,Thursday,january,1485,1,13-1-1485,,TQ3016079670,51.500988,-0.12617168
667,Windsor,13,Thursday,january,1485,1,13-1-1485,,SU9683776912,51.482886,-0.60683638
668,Windsor,14,Friday,january,1485,1,14-1-1485,,SU9683776912,51.482886,-0.60683638
669,Windsor,15,Saturday,january,1485,1,15-1-1485,,SU9683776912,51.482886,-0.60683638
670,Windsor,16,Sunday,january,1485,1,16-1-1485,,SU9683776912,51.482886,-0.60683638
671,Windsor,17,Monday,january,1485,1,17-1-1485,,SU9683776912,51.482886,-0.60683638
672,Windsor,18,Tuesday,january,1485,1,18-1-1485,,SU9683776912,51.482886,-0.60683638
674,City of London,20,Thursday,january,1485,1,20-1-1485,,TQ3248081340,51.515457,-0.092140265
675,City of London,21,Friday,january,1485,1,21-1-1485,,TQ3248081340,51.515457,-0.092140265
676,City of London,22,Saturday,january,1485,1,22-1-1485,,TQ3248081340,51.515457,-0.092140265
677,City of London,23,Sunday,january,1485,1,23-1-1485,,TQ3248081340,51.515457,-0.092140265
678,City of London,24,Monday,january,1485,1,24-1-1485,,TQ3248081340,51.515457,-0.092140265
679,City of London,25,Tuesday,january,1485,1,25-1-1485,,TQ3248081340,51.515457,-0.092140265
680,Westminster,26,Wednesday,january,1485,1,26-1-1485,,TQ3016079670,51.500988,-0.12617168
681,Westminster,27,Thursday,january,1485,1,27-1-1485,,TQ3016079670,51.500988,-0.12617168
682,Westminster,28,Friday,january,1485,1,28-1-1485,,TQ3016079670,51.500988,-0.12617168
683,Westminster,29,Saturday,january,1485,1,29-1-1485,,TQ3016079670,51.500988,-0.12617168
684,Westminster,30,Sunday,january,1485,1,30-1-1485,,TQ3016079670,51.500988,-0.12617168
685,Westminster,31,Monday,january,1485,1,31-1-1485,,TQ3016079670,51.500988,-0.12617168
687,Windsor,2,Wednesday,february,1485,2,2-2-1485,,SU9683776912,51.482886,-0.60683638
688,Windsor,3,Thursday,february,1485,2,3-2-1485,,SU9683776912,51.482886,-0.60683638
689,Windsor,4,Friday,february,1485,2,4-2-1485,,SU9683776912,51.482886,-0.60683638
690,Windsor,5,Saturday,february,1485,2,5-2-1485,,SU9683776912,51.482886,-0.60683638
691,Windsor,6,Sunday,february,1485,2,6-2-1485,,SU9683776912,51.482886,-0.60683638
692,Westminster,7,Monday,february,1485,2,7-2-1485,,TQ3016079670,51.500988,-0.12617168
693,Westminster,8,Tuesday,february,1485,2,8-2-1485,,TQ3016079670,51.500988,-0.12617168
694,Westminster,9,Wednesday,february,1485,2,9-2-1485,,TQ3016079670,51.500988,-0.12617168
695,Westminster,10,Thursday,february,1485,2,10-2-1485,,TQ3016079670,51.500988,-0.12617168
696,Westminster,11,Friday,february,1485,2,11-2-1485,,TQ3016079670,51.500988,-0.12617168
697,Westminster,12,Saturday,february,1485,2,12-2-1485,,TQ3016079670,51.500988,-0.12617168
698,Westminster,13,Sunday,february,1485,2,13-2-1485,,TQ3016079670,51.500988,-0.12617168
699,Westminster,14,Monday,february,1485,2,14-2-1485,,TQ3016079670,51.500988,-0.12617168
700,Westminster,15,Tuesday,february,1485,2,15-2-1485,,TQ3016079670,51.500988,-0.12617168
701,Westminster,16,Wednesday,february,1485,2,16-2-1485,,TQ3016079670,51.500988,-0.12617168
702,Westminster,17,Thursday,february,1485,2,17-2-1485,,TQ3016079670,51.500988,-0.12617168
703,Westminster,18,Friday,february,1485,2,18-2-1485,,TQ3016079670,51.500988,-0.12617168
704,Westminster,19,Saturday,february,1485,2,19-2-1485,,TQ3016079670,51.500988,-0.12617168
705,Westminster,20,Sunday,february,1485,2,20-2-1485,,TQ3016079670,51.500988,-0.12617168
706,Westminster,21,Monday,february,1485,2,21-2-1485,,TQ3016079670,51.500988,-0.12617168
707,Westminster,22,Tuesday,february,1485,2,22-2-1485,,TQ3016079670,51.500988,-0.12617168
708,Westminster,23,Wednesday,february,1485,2,23-2-1485,,TQ3016079670,51.500988,-0.12617168
709,Westminster,24,Thursday,february,1485,2,24-2-1485,,TQ3016079670,51.500988,-0.12617168
710,Westminster,25,Friday,february,1485,2,25-2-1485,,TQ3016079670,51.500988,-0.12617168
711,Westminster,26,Saturday,february,1485,2,26-2-1485,,TQ3016079670,51.500988,-0.12617168
712,Westminster,27,Sunday,february,1485,2,27-2-1485,,TQ3016079670,51.500988,-0.12617168
713,Westminster,28,Monday,february,1485,2,28-2-1485,,TQ3016079670,51.500988,-0.12617168
714,Westminster,1,Tuesday,march,1485,3,1-3-1485,,TQ3016079670,51.500988,-0.12617168
715,Westminster,2,Wednesday,march,1485,3,2-3-1485,,TQ3016079670,51.500988,-0.12617168
716,Westminster,3,Thursday,march,1485,3,3-3-1485,,TQ3016079670,51.500988,-0.12617168
717,Westminster,4,Friday,march,1485,3,4-3-1485,,TQ3016079670,51.500988,-0.12617168
718,Westminster,5,Saturday,march,1485,3,5-3-1485,,TQ3016079670,51.500988,-0.12617168
719,Westminster,6,Sunday,march,1485,3,6-3-1485,,TQ3016079670,51.500988,-0.12617168
720,Westminster,7,Monday,march,1485,3,7-3-1485,,TQ3016079670,51.500988,-0.12617168
721,Westminster,8,Tuesday,march,1485,3,8-3-1485,,TQ3016079670,51.500988,-0.12617168
722,Westminster,9,Wednesday,march,1485,3,9-3-1485,,TQ3016079670,51.500988,-0.12617168
723,Westminster,10,Thursday,march,1485,3,10-3-1485,,TQ3016079670,51.500988,-0.12617168
724,Westminster,11,Friday,march,1485,3,11-3-1485,,TQ3016079670,51.500988,-0.12617168
725,Westminster,12,Saturday,march,1485,3,12-3-1485,,TQ3016079670,51.500988,-0.12617168
726,Westminster,13,Sunday,march,1485,3,13-3-1485,,TQ3016079670,51.500988,-0.12617168
727,Westminster,14,Monday,march,1485,3,14-3-1485,,TQ3016079670,51.500988,-0.12617168
728,Westminster,15,Tuesday,march,1485,3,15-3-1485,,TQ3016079670,51.500988,-0.12617168
729,Westminster,16,Wednesday,march,1485,3,16-3-1485,,TQ3016079670,51.500988,-0.12617168
731,Westminster,18,Friday,march,1485,3,18-3-1485,,TQ3016079670,51.500988,-0.12617168
733,Westminster,20,Sunday,march,1485,3,20-3-1485,,TQ3016079670,51.500988,-0.12617168
735,Westminster,22,Tuesday,march,1485,3,22-3-1485,,TQ3016079670,51.500988,-0.12617168
736,Westminster,23,Wednesday,march,1485,3,23-3-1485,,TQ3016079670,51.500988,-0.12617168
737,Westminster,24,Thursday,march,1485,3,24-3-1485,,TQ3016079670,51.500988,-0.12617168
740,Westminster,27,Sunday,march,1485,3,27-3-1485,,TQ3016079670,51.500988,-0.12617168
741,Westminster,28,Monday,march,1485,3,28-3-1485,,TQ3016079670,51.500988,-0.12617168
742,City of London,28,Monday,march,1485,3,28-3-1485,,TQ3248081340,51.515457,-0.092140265
743,City of London,29,Tuesday,march,1485,3,29-3-1485,,TQ3248081340,51.515457,-0.092140265
744,London,30,Wednesday,march,1485,3,30-3-1485,,TQ3248081340,51.515457,-0.092140265
745,"Priory of St. John of Jerusalem, Clerkenwell",30,Wednesday,march,1485,3,30-3-1485,,TQ3169882165,51.523054,-0.10309547
746,City of London,31,Thursday,march,1485,3,31-3-1485,,TQ3248081340,51.515457,-0.092140265
747,City of London,1,Friday,april,1485,4,1-4-1485,,TQ3248081340,51.515457,-0.092140265
750,City of London,4,Monday,april,1485,4,4-4-1485,,TQ3248081340,51.515457,-0.092140265
751,City of London,5,Tuesday,april,1485,4,5-4-1485,,TQ3248081340,51.515457,-0.092140265
753,City of London,7,Thursday,april,1485,4,7-4-1485,,TQ3248081340,51.515457,-0.092140265
755,City of London,9,Saturday,april,1485,4,9-4-1485,,TQ3248081340,51.515457,-0.092140265
756,City of London,10,Sunday,april,1485,4,10-4-1485,,TQ3248081340,51.515457,-0.092140265
757,City of London,11,Monday,april,1485,4,11-4-1485,,TQ3248081340,51.515457,-0.092140265
758,City of London,12,Tuesday,april,1485,4,12-4-1485,,TQ3248081340,51.515457,-0.092140265
759,City of London,13,Wednesday,april,1485,4,13-4-1485,,TQ3248081340,51.515457,-0.092140265
761,City of London,15,Friday,april,1485,4,15-4-1485,,TQ3248081340,51.515457,-0.092140265
762,City of London,16,Saturday,april,1485,4,16-4-1485,,TQ3248081340,51.515457,-0.092140265
763,City of London,17,Sunday,april,1485,4,17-4-1485,,TQ3248081340,51.515457,-0.092140265
764,Windsor,18,Monday,april,1485,4,18-4-1485,,SU9683776912,51.482886,-0.60683638
766,Windsor,20,Wednesday,april,1485,4,20-4-1485,,SU9683776912,51.482886,-0.60683638
768,City of London,22,Friday,april,1485,4,22-4-1485,,TQ3248081340,51.515457,-0.092140265
770,City of London,24,Sunday,april,1485,4,24-4-1485,,TQ3248081340,51.515457,-0.092140265
771,City of London,25,Monday,april,1485,4,25-4-1485,,TQ3248081340,51.515457,-0.092140265
772,City of London,26,Tuesday,april,1485,4,26-4-1485,,TQ3248081340,51.515457,-0.092140265
773,Westminster,26,Tuesday,april,1485,4,26-4-1485,,TQ3016079670,51.500988,-0.12617168
774,Westminster,27,Wednesday,april,1485,4,27-4-1485,,TQ3016079670,51.500988,-0.12617168
775,Westminster,28,Thursday,april,1485,4,28-4-1485,,TQ3016079670,51.500988,-0.12617168
776,Westminster,29,Friday,april,1485,4,29-4-1485,,TQ3016079670,51.500988,-0.12617168
777,Westminster,30,Saturday,april,1485,4,30-4-1485,,TQ3016079670,51.500988,-0.12617168
779,Westminster,2,Monday,may,1485,5,2-5-1485,,TQ3016079670,51.500988,-0.12617168
780,Westminster,3,Tuesday,may,1485,5,3-5-1485,,TQ3016079670,51.500988,-0.12617168
781,Westminster,4,Wednesday,may,1485,5,4-5-1485,,TQ3016079670,51.500988,-0.12617168
782,Westminster,5,Thursday,may,1485,5,5-5-1485,,TQ3016079670,51.500988,-0.12617168
783,Westminster,6,Friday,may,1485,5,6-5-1485,,TQ3016079670,51.500988,-0.12617168
784,Westminster,7,Saturday,may,1485,5,7-5-1485,,TQ3016079670,51.500988,-0.12617168
785,Westminster,8,Sunday,may,1485,5,8-5-1485,,TQ3016079670,51.500988,-0.12617168
786,Westminster,9,Monday,may,1485,5,9-5-1485,,TQ3016079670,51.500988,-0.12617168
787,Westminster,10,Tuesday,may,1485,5,10-5-1485,,TQ3016079670,51.500988,-0.12617168
788,Westminster,11,Wednesday,may,1485,5,11-5-1485,,TQ3016079670,51.500988,-0.12617168
789,Windsor,12,Thursday,may,1485,5,12-5-1485,,SU9683776912,51.482886,-0.60683638
790,Windsor,13,Friday,may,1485,5,13-5-1485,,SU9683776912,51.482886,-0.60683638
791,Windsor,14,Saturday,may,1485,5,14-5-1485,,SU9683776912,51.482886,-0.60683638
792,Windsor,15,Sunday,may,1485,5,15-5-1485,,SU9683776912,51.482886,-0.60683638
793,Windsor,16,Monday,may,1485,5,16-5-1485,,SU9683776912,51.482886,-0.60683638
794,Berkhamsted,17,Tuesday,may,1485,5,17-5-1485,,SP9960008300,51.764532,-0.55814278
799,Kenilworth,22,Sunday,may,1485,5,22-5-1485,,SP2794172163,52.346833,-1.5912539
800,Kenilworth,23,Monday,may,1485,5,23-5-1485,,SP2794172163,52.346833,-1.5912539
801,Kenilworth,24,Tuesday,may,1485,5,24-5-1485,,SP2794172163,52.346833,-1.5912539
802,Kenilworth,25,Wednesday,may,1485,5,25-5-1485,,SP2794172163,52.346833,-1.5912539
804,Kenilworth,27,Friday,may,1485,5,27-5-1485,,SP2794172163,52.346833,-1.5912539
805,Kenilworth,28,Saturday,may,1485,5,28-5-1485,,SP2794172163,52.346833,-1.5912539
807,Kenilworth,30,Monday,may,1485,5,30-5-1485,,SP2794172163,52.346833,-1.5912539
808,Kenilworth,31,Tuesday,may,1485,5,31-5-1485,,SP2794172163,52.346833,-1.5912539
809,Coventry,1,Wednesday,june,1485,6,1-6-1485,,SP3339979008,52.408066,-1.5104605
814,Kenilworth,6,Monday,june,1485,6,6-6-1485,,SP2794172163,52.346833,-1.5912539
817,Nottingham,9,Thursday,june,1485,6,9-6-1485,,SK5700040000,52.954357,-1.1530111
818,Nottingham,10,Friday,june,1485,6,10-6-1485,,SK5700040000,52.954357,-1.1530111
819,Nottingham,11,Saturday,june,1485,6,11-6-1485,,SK5700040000,52.954357,-1.1530111
821,Nottingham,13,Monday,june,1485,6,13-6-1485,,SK5700040000,52.954357,-1.1530111
824,Nottingham,16,Thursday,june,1485,6,16-6-1485,,SK5700040000,52.954357,-1.1530111
825,Nottingham,17,Friday,june,1485,6,17-6-1485,,SK5700040000,52.954357,-1.1530111
826,Nottingham,18,Saturday,june,1485,6,18-6-1485,,SK5700040000,52.954357,-1.1530111
828,Nottingham,20,Monday,june,1485,6,20-6-1485,,SK5700040000,52.954357,-1.1530111
829,Nottingham,21,Tuesday,june,1485,6,21-6-1485,,SK5700040000,52.954357,-1.1530111
830,Nottingham,22,Wednesday,june,1485,6,22-6-1485,,SK5700040000,52.954357,-1.1530111
833,Nottingham,25,Saturday,june,1485,6,25-6-1485,,SK5700040000,52.954357,-1.1530111
834,Nottingham,26,Sunday,june,1485,6,26-6-1485,,SK5700040000,52.954357,-1.1530111
835,Nottingham,27,Monday,june,1485,6,27-6-1485,,SK5700040000,52.954357,-1.1530111
838,Nottingham,30,Thursday,june,1485,6,30-6-1485,,SK5700040000,52.954357,-1.1530111
839,Nottingham,1,Friday,july,1485,7,1-7-1485,,SK5700040000,52.954357,-1.1530111
841,Nottingham,3,Sunday,july,1485,7,3-7-1485,,SK5700040000,52.954357,-1.1530111
842,Nottingham,4,Monday,july,1485,7,4-7-1485,,SK5700040000,52.954357,-1.1530111
846,Nottingham,8,Friday,july,1485,7,8-7-1485,,SK5700040000,52.954357,-1.1530111
850,Nottingham,12,Tuesday,july,1485,7,12-7-1485,,SK5700040000,52.954357,-1.1530111
852,Nottingham,14,Thursday,july,1485,7,14-7-1485,,SK5700040000,52.954357,-1.1530111
864,Nottingham,26,Tuesday,july,1485,7,26-7-1485,,SK5700040000,52.954357,-1.1530111
870,Nottingham,1,Monday,august,1485,8,1-8-1485,King received Great Seal at seven in the evening in the chapel at Nottingham Castle,SK5700040000,52.954357,-1.1530111
871,Nottingham,2,Tuesday,august,1485,8,2-8-1485,,SK5700040000,52.954357,-1.1530111
872,Nottingham,3,Wednesday,august,1485,8,3-8-1485,,SK5700040000,52.954357,-1.1530111
873,Nottingham,4,Thursday,august,1485,8,4-8-1485,,SK5700040000,52.954357,-1.1530111
874,Nottingham,5,Friday,august,1485,8,5-8-1485,,SK5700040000,52.954357,-1.1530111
875,Nottingham,6,Saturday,august,1485,8,6-8-1485,,SK5700040000,52.954357,-1.1530111
876,Nottingham,7,Sunday,august,1485,8,7-8-1485,,SK5700040000,52.954357,-1.1530111
877,Nottingham,8,Monday,august,1485,8,8-8-1485,,SK5700040000,52.954357,-1.1530111
878,Nottingham,9,Tuesday,august,1485,8,9-8-1485,,SK5700040000,52.954357,-1.1530111
880,Beskwood,11,Thursday,august,1485,8,11-8-1485,,SK5696546607,53.01375,-1.1523707
882,Beskwood,13,Saturday,august,1485,8,13-8-1485,Lodge in the park of Beskwood,SK5696546607,53.01375,-1.1523707
886,Beskwood,17,Wednesday,august,1485,8,17-8-1485,,SK5696546607,53.01375,-1.1523707
888,Leicester,19,Friday,august,1485,8,19-8-1485,King probably moved to Leicester (see Introduction p xiv),SK5839504514,52.635247,-1.1385736
889,Blue Boar,20,Saturday,august,1485,8,20-8-1485,Blue Boar inn Leicester,SK5830004500,52.635127,-1.1399782
890,Ambion Hill,21,Sunday,august,1485,8,21-8-1485,King left Leicester and encamped,SK4036700063,52.596864,-1.405475
891,Battle of Bosworth,22,Monday,august,1485,8,22-8-1485,,SP3823598136,52.579699,-1.4371779
